CP2,Actual_MarketShare
1001,0.01041732219777098
1002,0.0009484264004523648
1003,7.804933741722636e-06
1004,0.010552838629856487
1005,0.004497883459512423
1006,0.0009302539735768198
1007,0.008651463154721425
1008,0.005620822639565817
1009,0.0002284066550059947
1010,0.0016024632819767017
1012,0.0020027049841091957
1013,0.0013886032833537183
1015,0.0003037417285237274
1191,0.0012294369008195192
1200,0.00015012986233091624
1307,0.015343153744455483
1330,0.007524442375248656
1400,0.017687719646187542
1428,0.11703303862261517
1470,0.0074659585397470855
1474,0.0051827719882480755
1520,0.023505351670323717
2001,9.192369206052455e-05
2002,0.00023989209466038713
2005,0.00013933263182542424
2006,0.0010005385459944509
2008,2.0149670354679386e-05
2124,0.005247883029334509
2240,0.0009892882747374785
2270,0.0006229578319732272
2450,0.023158791313761702
2480,0.010651508288177215
2600,0.0002779646103417029
2640,0.000653088146353559
2660,0.002131184652312991
2690,0.015822392261013583
3001,0.1496620893283967
3002,0.02576424291872542
3003,0.0813737727233502
3004,0.09259559726101013
3005,0.10503483114949522
3006,0.03981234222957412
3007,0.03981352737553975
3008,0.06739440233148453
3009,0.10564182651068019
3010,0.07986215999217164
3011,0.014593404708563587
3012,0.07553966007639651
3013,0.11077777297815274
3014,0.07340987678079618
3015,0.1319563393164072
3016,0.10952369876770439
3100,0.007501465458607965
3108,0.03665166102973237
3109,0.02499416365936233
3110,0.04840323783858964
3111,0.1063371724456869
3112,0.04886592171285782
3113,0.05507421192058404
3114,0.14888092204675418
3130,0.02037511623610657
3139,0.006339343229239602
3140,0.00810536873379634
3149,0.12077821209198436
3150,0.06384097767104824
3158,0.012177917819733097
3159,0.037011979419847615
3160,0.05910813337066072
3169,0.034814055712824955
3170,0.07934155891851176
3176,0.041047200522651005
3177,0.0498300100523623
3178,0.0517010966559791
3179,0.06319140014160819
3181,0.021796213470048398
3182,0.050636885716922174
3183,0.017672831577422013
3184,0.18687770376426377
3185,0.09189233803112924
3186,0.027076207710980384
3187,0.0628942969841332
3188,0.12674654216746917
3189,0.017262987376121496
3190,0.015042017542645397
3191,0.0034726374289776405
3193,0.037639139442478466
3194,0.03199917238646055
3195,0.028587347084691413
3201,0.011915745788992698
3202,0.02764825594804284
3203,0.006658125229875005
3204,0.0017488300889431509
3205,0.00707932392785269
3206,0.0010142502420116904
3207,0.01108212169651489
3208,0.02966912199307255
3290,0.03313809264869624
3291,0.20621531631520534
3292,0.008259538857046918
3293,0.01391415742420108
3294,0.00954746009320372
3295,0.009939541353635301
3296,0.009053738383136282
3300,0.005541600793103146
3310,0.029308649898421496
3312,0.0010292553072099048
3313,0.010519993823012616
3314,0.01302171981218595
3316,0.006863818232362344
3319,0.07149431685260925
3320,0.007599318028425489
3322,0.006685974630974255
3330,0.005762198362223817
3339,0.049522693016245185
3340,0.002006607049154221
3349,0.00552521669867364
3350,0.006876464191356006
3360,0.02481858131559109
3369,0.004647492415821891
3370,0.0037709120807591723
3380,0.020639474431053635
3390,0.011431874000658145
3400,0.005186993967833756
3410,0.00475723806940986
3420,0.019672231350740626
3430,0.021154549870096517
3440,0.020306966543386217
3450,0.0006756053903985884
3460,0.0020106099752987194
3469,0.011265433810722963
3501,0.053930462248830004
3502,0.014903373593521958
3503,0.0339790002532564
3509,0.073958628478689
3510,0.05167858250874613
3516,0.06899663773780103
3517,0.031412658754944825
3518,0.01691711056723294
3520,0.07887464604351352
3530,0.054611870839293225
3540,0.0788668295410162
3550,0.11278452787034143
3559,0.08007748816813871
3560,0.06410924139607084
3569,0.06567338057130345
3570,0.05919372819252551
3578,0.02442526085310118
3579,0.09949003835456485
3580,0.049041748702108784
3581,0.06773628426080867
3590,0.015452899965877407
3599,0.33478106885839526
3600,0.004985896773169853
3610,0.011418912921535396
3630,0.008029358684783197
3638,0.03007108173868695
3640,0.002528062543728896
3650,0.002093526143208587
3658,1.3245768947755703
3660,0.011848170003213873
3668,0.00433614976285454
3669,0.013097462627852084
3670,0.013984038771806711
3679,0.015148981459624884
3680,0.008468571705419991
3688,0.01870783668072378
3689,0.03992934908501274
3690,0.020634597695714053
3698,0.01920176565434231
3699,0.058846224509909666
3700,0.05704037814306056
3709,0.08566955371425265
3710,0.017476175617774866
3720,0.017514595841590014
3724,0.06272939446547833
3725,0.03553998606936471
3726,0.03744555312247104
3727,0.04706866852448532
3728,0.05921914696350492
3729,0.01660766862067552
3730,0.03419579159319607
3737,0.024945690210672035
3738,0.011345135488944835
3739,0.010539969583977411
3740,0.0702207337583223
3749,0.04558960844380828
3750,0.06277693056613232
3759,0.09409872294592633
3760,0.12916366635190882
3769,0.07498619899487019
3770,0.08344751756680514
3778,0.11634335145154906
3779,0.09138845109784484
3780,0.045972963855072047
3786,0.031202293185078535
3788,0.02034325269770371
3789,0.006739997166622816
3790,0.03508372736800838
3791,0.045138819159905204
3792,0.030182281007675876
3793,0.006264053646202892
3794,0.3828396048516642
3795,0.07178918449292038
3801,0.005816226650110015
3802,0.007017272019310881
3803,0.00281844697586069
3804,0.0035226286063167423
3810,0.02836860151577359
3812,0.020604971548367775
3813,0.01236248956497542
3815,0.168293103876431
3820,0.0022331995606306512
3830,0.010751893244370307
4001,0.07800576614102946
4002,0.09095921233691735
4003,0.09472327905649085
4004,0.11440500312326797
4005,0.08288398518443105
4006,0.1296704465694494
4007,0.0853046920283831
4008,0.07199997386475489
4009,0.028725628093774973
4100,0.033748871577924285
4110,0.009256711026504728
4113,0.0014120948164257727
4116,0.04735169369098663
4117,0.0024796046131117066
4118,0.049227886671755636
4120,0.029543012737869308
4130,0.036731536710638495
4131,0.0182613508874635
4140,0.02241079525418727
4149,0.12130675842173272
4150,0.18960168465437982
4151,0.0007902735562310031
4160,0.08630524691358024
4200,0.013811935271499041
4212,0.008171200281107013
4213,0.004043552905032981
4230,0.016608390866238054
4240,0.05983266537773521
4250,0.06212905386386115
4260,0.01395407595851753
4271,0.008417845941443942
4275,0.024182219546457957
4279,0.004946222569173389
4280,0.00989979706623786
4288,0.04241550824733211
4400,0.019646536461181755
4409,0.006536826975129269
4410,0.08548011446304626
4420,0.02381463953849874
4450,0.012838906322973936
4459,0.0015307950634567467
4460,0.13170487773222478
4470,0.020834231801948964
4479,0.008718622986376701
4500,0.03351409460105112
4510,0.0006084090069622062
4531,0.04009963110788582
4550,0.003964039398012472
4560,0.012836324042640193
4567,0.012123478587835242
4600,0.0021427847479529643
4610,0.004622940968187553
4619,0.006616392285024964
4620,0.003027709714874386
4621,0.021023515548952303
4628,0.029469887398962762
4630,0.0021120252430508893
4638,0.012009577566117252
4639,0.05502049366202208
4640,0.0017964047601688256
4648,0.036235247474967244
4650,0.004028205128205128
4660,0.00880605139255221
4661,0.0031469147061092637
4662,0.17955021651068587
4690,0.01818499076645679
4693,0.007664921745040076
4700,0.002591906829868598
4710,0.013342550700663938
4711,0.01567502091778487
4712,0.02134874007930518
4715,0.002117242166108914
4716,8.9136924624125e-05
4717,0.00038189101897672615
4720,0.07857466839148364
4721,0.038776018922852984
4727,0.024988600778538563
4729,0.03190650974247173
4738,0.028086270380087347
4740,0.00946041323031513
4745,0.0011178195499121678
4750,0.005368737619629909
4760,0.018376274228977293
4770,0.003614364041748506
4778,0.027982724874478768
4800,0.0008216075942847975
4810,0.002554861651622518
4813,0.002347445427035285
4814,0.0005068864407877089
4815,0.03219365988663694
4820,0.0008161159593247309
4850,0.0010135944071037607
4859,0.003349856189951655
4860,0.011363384576859061
4867,0.007746674979540121
4868,0.07977631337131455
4869,0.016331634449732516
4870,0.0007854209163335661
4878,0.0019752605294304434
4889,0.24130255175506926
4890,0.040594603227779316
5001,0.00032906076064516274
5003,0.0003570524476623654
5350,0.022107307853842923
5500,0.0024921356938065685
5600,0.0018085275247443635
6001,0.07641126128326427
6002,0.06734532846735648
6003,0.03554556775319961
6004,0.061794172627187845
6005,0.020333760309410514
6006,0.11761241449151617
6007,0.07102577842893855
6008,0.029128776969329494
6009,0.037229994283550734
6010,0.05310395286937311
6011,0.011997127223842156
6100,0.005116735963313768
6106,0.025089682462456617
6107,0.02829714695855015
6109,0.3010334062937314
6110,0.0034086304700162075
6130,0.000736099057487213
6131,0.00477677719362171
6132,0.004191553671636039
6140,0.008333750742743213
6150,0.003038176020375546
6160,0.0007292579404289168
6170,0.013508567536079881
6171,0.009117694993180707
6175,0.0012620691214616357
6176,0.0008913132508190753
6178,0.009582813786883963
6180,0.07082449395104481
6181,2.435762691713233
6182,0.013667679837892605
6183,0.007530754247562357
6184,0.0023291995717107943
6185,0.00780023848197771
6186,0.009876334577628454
6187,0.11847765518778557
6190,0.011476971789400466
6191,0.00741863485371568
6192,0.017394767510237247
6193,0.3947709146728068
6194,0.06564686787734768
6195,0.046507903479505966
6196,0.002171015409990123
6200,0.0010934987852583228
6207,0.0018701556516788876
6220,0.0018287570986222719
6228,0.0019006681846458985
6230,0.0010913087805829364
6249,0.028139361161741417
6260,9.959581174001281e-05
6290,0.014699226452297893
6300,0.0007175315717630017
6340,9.280857658187541e-05
6360,0.0020184236904384474
6370,0.016646771392513384
6380,0.0031416252398395257
6400,0.00034612047238268234
6410,0.0024206702694142563
6411,0.0016097563554841165
6450,0.0001699186859311055
6458,0.012567469279944876
6480,0.0018398494198129966
6488,0.047126368336955764
6490,0.00023337446246430205
6498,0.004900372573849097
6499,0.007189808226604323
6500,0.005317589013812251
6510,0.005151333931359846
6518,0.014593381128249693
6700,7.446188843388655e-05
6712,0.0010486156841412089
6760,0.00027516034751052235
6800,0.000634641202946076
6810,0.004555860547859196
6820,0.04053035312789314
6830,0.008783167398635104
6870,0.012395413696932134
6880,0.0011721637304372625
6900,0.001429317654103535
6920,0.02288235070003211
6930,4.295855573335624e-05
8002,7.092582539432623e-05
8003,8.486271034645608e-05
8012,4.633512901432448e-06
8013,0.00041384766309136384
8014,8.402446900440413e-05
8015,1.8033742031012934e-05
8016,6.988728986068457e-05
8018,2.3448250947797705e-05
8020,2.0940539446741182e-05
8021,0.00017301678551315283
8023,0.00013684859903093885
8027,8.539758294274976e-06
8028,0.00010661758583225582
8029,1.9434872769605415e-07
8032,0.0001800920209609818
8037,8.28868360648618e-05
8041,2.9275716331519514e-06
8224,3.8898129159116154e-05
8389,0.0003039789899326761
8392,2.5907713966710793e-05
8398,0.006318429556745286
8471,0.00010788296746440886
8476,0.00729319469320604
8490,0.0005463200100399663
8500,0.00024629305732328395
8503,3.6805485022882755e-05
8540,2.26230559639618e-05
8700,3.1211698250606416e-06
8784,1.1919506634209895e-05
8820,6.686195973164653e-05
8840,0.0001064330029544712
8911,1.0102612850115947e-05
8915,0.0001596569215928014
8924,1.4149829629570422e-05
9001,0.09474017631060172
9002,0.012569721357647702
9003,0.06740890074693408
9004,0.025332942786904875
9005,0.04748757938061061
9006,0.14571432597097125
9007,0.030758397160049758
9100,0.002347586316890414
9107,0.036614346256474646
9109,0.022566438570147236
9110,0.013575818666177943
9119,0.02050077000690351
9120,0.004111641669314189
9123,0.06719548595494132
9126,0.12260880795557277
9128,0.021653033057294824
9129,0.15864742623303899
9130,0.07763978736250517
9131,0.024136297606265397
9133,0.05016726660928085
9140,0.05216999847662309
9141,0.003774248277835694
9146,0.024084778420038536
9191,0.06575242927576469
9192,0.04851308990564636
9193,0.006217702683645428
9194,0.0338093714465737
9195,0.05905172111055704
9196,0.03552581944232044
9197,0.060551758144046564
9198,0.009861187423351984
9199,0.019079100413018798
9200,0.0022815519236568877
9220,0.003118377678361196
9228,0.05433107359008379
9230,0.1857056457056457
9239,0.025582749447337853
9240,0.011515768703658807
9246,0.2201858894333114
9250,0.013816016917571734
9257,0.009135499693439608
9258,0.05725317089646979
9260,0.02283699729171484
9280,0.09035303043827546
9292,0.026892874963888962
9300,0.0023007590627587833
9310,0.002708774325708433
9311,0.04454654887040261
9312,0.09499249812453113
9313,0.1328537346302074
9320,0.022305877020934103
9340,0.007959183673469388
9344,0.021977029294102463
9347,0.00209639716522578
9348,0.13078226082568972
9349,0.050772315812374076
9350,0.0075377651187630325
9351,0.013284125199692324
9390,0.027491891765311978
9391,0.015624858038431834
9400,0.003955585283061546
9441,0.025088453550144555
9500,0.02405445567284855
9515,0.0006064761531617569
9530,0.13379243277472463
9540,0.01825443386434406
9550,0.03541836221408476
9560,0.03460816339206812
9569,0.022558146751695138
9580,0.006307696438640615
9585,0.9458519928347515
9587,0.14252149616388027
9589,0.081922099915326
9591,0.005644396802231722
9592,0.11255237369715018
9600,0.0061731707658944784
9613,0.12776711522104206
9615,0.06515690902758968
9620,0.0689969520048081
9640,0.1468494022981852
9679,0.43210378964989754
9690,0.10663879465353376
10001,0.0010416099561373177
10002,0.002151790688984708
10004,0.0005085389098816729
10005,0.0006857816372235174
10100,0.0004665984985350916
10110,0.00010392744663846831
10120,0.0017839943046191215
10137,0.000759671685143687
10170,0.0026565600945268495
10190,0.003284628654450365
10210,0.0023343946441185285
10252,0.01121584008097166
10411,0.026099726659988793
10513,0.06281671159029649
10514,0.058098019146246016
10560,0.013407128046889032
10600,0.0001068410521725366
10730,0.05637145087966375
10810,0.0005117859292804898
10865,0.01630416573598392
10879,0.004013669558304
10892,0.024823352980155547
10910,0.0026688447515866524
10940,0.010773351286479525
11001,0.00802253736733672
11002,0.028181949004673745
11003,0.019222366569357007
11004,0.03433158891236254
11005,0.047691128234116274
11006,0.008126273785965504
11007,0.08870209781881054
11008,0.0345499548936099
11009,0.0474672021310549
11010,0.01402778560537728
11011,0.06950454097833464
11012,0.04115987334025936
11100,0.1533733891541647
11130,0.06635989648772281
11139,0.04711070487031188
11140,0.004307727265883048
11149,0.04200505812297317
11150,0.0033836869588553635
11159,0.03357961021294232
11160,0.0016294237418094007
11190,0.0012284436119053403
11201,0.0754208668047231
11202,0.03151638555585897
11203,0.16048207540143308
11204,0.1075793290342569
11205,0.10073999861023386
11206,0.02059263963038915
11207,0.014148641648663045
11300,0.010700442991463806
11310,0.004770044880479156
11311,0.04609484725926272
11312,0.026473030525329094
11313,0.04991733102283247
11315,0.021958162202097266
11350,0.011116479749397876
11360,0.04332845509314049
11368,0.058618730259142604
11369,0.03789698453448773
11370,0.014199440295789218
11379,0.023366181073964994
11380,0.06665642490797906
11390,0.05851815894506981
11391,0.07168776345036705
11393,0.0007134593493443862
11402,0.0001959158385070212
11404,0.0005105313760636203
11405,0.0006831247151870605
11406,0.00030772208350441456
11407,0.00042916231908658384
11408,0.0032863657185048718
11500,0.0016031277166213863
11510,0.023726935066837776
11518,0.0659617809322894
11519,0.04302078299468424
11520,0.00046456063726302673
11540,2.3310437446366195e-05
11550,0.00258685483486385
11580,0.0057014052153433435
12001,0.07236446280478935
12002,0.05710574922928117
12003,0.06671974874678076
12004,0.0787588430691691
12005,0.02686408238834029
12006,0.06789651508209824
12100,0.03646877298035508
12110,0.03774020770461788
12118,0.0019484140979520819
12119,0.012487642312721241
12120,0.023410671579567523
12124,0.06541778635803606
12125,0.025608494173752647
12127,0.09197267615201721
12130,0.037529721483936705
12131,0.035081904212902915
12134,0.04144961042470463
12140,0.02177680568042972
12150,0.011583489043655512
12159,0.25413936737970233
12166,0.015009784984496519
12180,0.0025752119174115478
12181,0.0023096982963738463
12182,0.3059754123103098
12183,0.07414693149987267
12185,0.07390719882312907
12186,0.059587083751570104
12190,0.055769490876466404
12191,0.030161627728991513
12192,0.03926505611068688
12193,0.024174094860790137
12194,0.022821953625525054
12200,0.07930296027544484
12230,0.14297762117262403
12318,0.14191707235185497
12410,0.00567063903055971
12412,0.03756110958527877
12414,0.08203863124833102
12415,0.027586725349225006
12428,0.052671567033109996
12431,0.0524337325080732
12489,0.021460237623123924
12500,0.00738467754424328
12520,0.019678069333735778
12526,0.0070554183024045215
12527,0.018675966468859825
12528,0.014405540629064567
12529,0.05089615802000784
12530,0.025679021942931233
12539,0.007338596975980007
12540,0.059849421655395627
12549,0.06605215939171064
12550,0.0380005491378458
12560,0.009000475243491568
12579,0.02122717330438675
12590,0.00791709288601166
12592,0.002832674488791662
12593,0.013326879314534999
12594,0.03567940543988222
12596,0.001559734769476419
12597,0.17144230769230767
12598,0.0020371070751501303
12600,0.0072630410281541834
12609,0.07487746941864652
13100,5.764462859030952e-05
13180,0.001834876525371156
13332,8.775525362368677e-05
14001,0.04052749884869312
14002,0.029733517971050585
14003,0.03605725520650239
14004,0.0760247240668304
14005,0.08706459872705763
14006,0.05594093253514831
14007,0.04588938407885542
14008,0.07853340102890509
14009,0.05552390761322553
14010,0.0791854889017901
14011,0.08829651592617799
14012,0.07213577923917414
14013,0.008189344696587596
14014,0.037348831384862224
14029,0.005272421446902962
14100,0.001415055578425702
14120,0.003161659542395621
14129,0.004466325881604673
14140,0.006048454593812424
14191,0.0019220995594073972
14193,0.01449786818843229
14200,0.0022154605396409108
14220,0.0033201354594963057
14240,0.0031488635866633624
14280,0.006358734804780786
14300,0.018330205461623533
14350,0.03233532140752489
14400,0.002159310360578692
14412,0.01699890959257318
14420,0.0003629340089530187
14430,0.0005511560044365354
14440,0.0016253486365551699
14447,0.026934579439252336
14490,0.0019429836086201856
14491,0.0004495251138078391
14500,0.001166464847496643
14510,0.0016235066018085223
14520,0.0006496905093532477
14530,0.004742131303009698
14540,0.0008249452223915292
14548,0.0009464128486525582
14550,0.00030631672693290504
14600,0.004684407821757661
14610,0.008994388660066473
14620,0.0023792855860707233
14630,0.005339456656942082
14640,0.0034887721884105365
14650,0.00530720113820519
14660,0.0018572626153755144
14700,5.76714544227446e-05
14710,0.007921628432940619
14711,0.024959125030121987
14720,0.04921435368314715
14730,0.006312480359588725
14740,0.002529447106987662
14820,0.03773015099853872
14840,0.00276341670875309
14850,0.0034205232771733563
14860,0.0004645206479812883
14900,0.00029544653443137756
14914,0.0011195498756589118
14920,0.003071438202031305
14940,0.00033167868245318334
15001,0.00041169988003333106
15003,0.0015134058885973
15006,0.00024001380403716193
15008,0.01931756067481572
15009,0.001242833580210591
15113,0.0016034005399957012
15155,0.008237762080866929
15174,5.606805259884184e-05
15291,0.007179125153964986
15365,0.001992732737011872
15509,0.002936420332247916
15570,0.0019706106928258807
15600,0.001560788237104908
15621,0.018709454349000537
15623,0.021637533717052865
15660,5.304951553768681e-05
15679,4.904989823455277e-05
15701,8.102924244466027e-05
15702,0.0020631027530629478
15705,0.004614202806326053
15866,0.0034618653229069223
15883,0.0009116041200529683
15895,0.0009859917513036212
15896,0.004617816873351841
15920,0.008898122718788268
15940,0.04467370779550194
15960,0.0037418836181765083
15965,0.004732829159434664
15966,0.0021097988146907515
15970,0.00536629377505867
15981,0.017072604964045463
15992,0.020543523867927575
16004,4.1791602911454425e-05
16192,0.04811936378619571
16708,0.05381353443516463
17001,0.09773673332595981
17002,0.11271494715119125
17003,0.08094327101402629
17004,0.08327914246247438
17005,0.041102609371813176
17006,0.091399433127763
17007,0.11506334865487974
17100,0.01098289011266226
17111,0.0009147133148817856
17116,0.006285483041487863
17118,0.009243289461630073
17120,0.028030777094530755
17123,0.21601781388406294
17130,0.008619362942367259
17136,0.016022112141458884
17140,0.0012901178302697955
17142,0.01747668263171162
17143,0.007296904866931333
17150,0.06829474283040737
17152,0.07771801029567368
17160,0.03829551844831127
17162,0.05395245161223259
17164,0.04824525212077725
17170,0.026486221935159357
17174,0.012240836962119582
17180,0.036114690183091665
17181,0.07561149129344806
17184,0.055511453696667025
17185,0.040774450283771774
17190,0.07542014815697932
17199,0.05919618949129023
17200,0.0019611349223643
17210,0.003841738885271432
17211,0.0058271359705433495
17212,0.004214804980967455
17220,0.003926539540956919
17230,0.004916713673627986
17240,0.03228178287790469
17241,0.11087896870357782
17242,0.028325152411104424
17243,0.009950120260214048
17244,0.05274166625524716
17245,0.00906404205286128
17246,0.001652049392539632
17248,0.04376215393864293
17249,0.0027332543511061056
17250,0.003912010680059919
17251,0.0032780406915079766
17252,0.00026615668811740673
17255,0.009012547159849088
17256,0.0022459583936751426
17257,8.841437797090315e-05
17258,0.0026167625193803585
17300,0.001260126196049032
17310,0.0009849518236434156
17401,0.002068443336062194
17403,0.003079088191092336
17410,0.0061733169810744655
17411,0.012845332736886246
17412,0.0028082958122982874
17421,0.005246058982913327
17430,0.03585584424876329
17450,9.731688179182124e-05
17452,0.012775825096118463
17455,0.010036185988629076
17457,0.034608629208904285
17458,0.08964713972623768
17459,0.054184356697005526
17460,0.05608979384282899
17462,0.07363069328751823
17463,0.04326133201707065
17464,0.036444756232403855
17466,0.005409036750352801
17467,0.019492760140300387
17468,0.00749831016207082
17472,0.0024129982694181466
17474,0.005809583788946254
17480,0.0015038844850317494
17481,0.04642062232786618
17483,0.0015575691586542898
17487,0.0008882645041937324
17488,0.0024403891820367935
17489,0.015682405522841798
17490,0.004015903730717015
17491,0.0015276391768330065
17495,0.03747649411517645
17496,0.09473568696306515
17497,0.011358516799088217
17500,0.00045314134729465327
17527,0.012409730614143277
17600,0.0007312259334800724
17700,0.002427525513977222
17730,0.013800598594146847
17741,0.004201592121775283
17742,0.02553555605747346
17751,0.0006800385323375966
17752,0.050681441339426536
17770,0.00025902582241951164
17800,0.0010693128151983838
17810,0.004891485381915085
17811,0.0013681751674923634
17820,0.008427749802744007
17833,0.009468049988210327
17834,0.005895391715326572
17840,0.06988200675764535
17844,0.06809589979367466
17850,0.004125328500626135
17853,0.0024063037497771716
17854,0.00405248032873267
17856,0.013054702812063139
17867,0.000998193732456883
17868,0.1788606773849789
18001,0.09642489057998108
18002,0.12002887003877162
18003,0.061791365114675194
18004,0.10899357871367776
18005,0.04644290657616424
18006,0.04089460273081521
18007,0.0937482677149937
18008,0.12212193543235335
18009,0.0877806718474029
18010,0.07687421208719195
18011,0.012584460776649257
18012,0.04139863226056541
18013,0.06588488961716019
18014,0.09198070426852747
18015,0.06865542991967073
18016,0.005912868272180663
18100,0.1002572081424494
18101,0.0607195495594099
18102,0.06018058053365136
18110,0.07203101034775101
18120,0.001159684842369219
18129,0.009546755777520226
18130,0.02835240953115529
18131,0.02441333270268992
18140,0.074783490656265
18150,0.06708730513308579
18151,0.07356553925044593
18152,0.023971192099821913
18160,0.00042104611635857816
18170,0.004305347583395249
18183,0.017550750114907976
18190,0.05886062807138436
18191,0.06032517217539288
18192,0.0013215951326413884
18193,0.05039238057005662
18194,0.08994278214600128
18195,0.0636894927209533
18197,0.030327586415593744
18198,0.06268926950532534
18199,0.08088818782280312
18200,0.04011210050954092
18210,0.032344469760154815
18211,0.020357041145519655
18213,0.035587697149699844
18214,0.06473015462489147
18220,0.029784538920578415
18230,0.0457950837747519
18240,0.012220265014501361
18249,0.0007920081386594419
18250,0.0015531960176886513
18260,0.00039571975564451777
18290,0.018482388918746748
18311,0.000982633785181556
18312,0.03167582702478482
18313,0.006591703791300093
18320,0.060903808461777766
18327,0.022005909210066413
18329,0.011378739513391134
18330,0.035033023277964516
18339,0.013610006771663864
18340,0.032093455266167664
18412,0.028939680357449732
18417,0.00098535931155236
18420,0.009837471507962523
18491,0.0038703887946001836
18500,0.002411681380474753
18512,0.006099503900180615
18514,0.042403414687534204
18517,0.006953547553002593
18518,0.02650236690245982
18540,0.008024784717036422
18550,0.0003927604893989889
18570,0.009925045854419
18600,0.0008790394765804858
18613,0.025747229754737932
18620,0.017151877490914055
18630,0.05487350829297334
18640,0.021395777525249977
18650,0.011869070835727252
18656,0.005565038156063918
18657,0.002147373403811692
18658,0.038202942408235505
18670,5.119444324636529e-05
18690,0.004048641271894465
18697,0.013182260273519429
18700,0.0014453534742771747
18711,0.08860826130604049
18720,0.0014635729579911597
18740,0.01868850031126373
18750,0.010868698490086745
18800,0.00015545612871816408
18813,0.012320812182741116
18870,0.01910972461549302
19311,0.06813459868874054
20001,0.0292804612323574
20002,0.05017794004251487
20003,0.09390984409108885
20004,0.09992319872238889
20005,0.06013616065917707
20006,0.09019051787182915
20007,0.08021342772327106
20008,0.022841728422148877
20009,0.05078099623146468
20010,0.08344527795316217
20011,0.09477813759737959
20012,0.10100035336483233
20013,0.10376664752840084
20014,0.028634573956518736
20015,0.11252962929104705
20016,0.11896665737729009
20017,0.11567261807258224
20018,0.05823485324998165
20100,0.05802161892433191
20110,0.06383426439162804
20115,0.09128586235178102
20120,0.018109413212971708
20130,0.026340862622820205
20140,0.09065293697627556
20150,0.05254545247859938
20159,0.019136432031956384
20160,0.02003916482697082
20170,0.05315792803350525
20180,0.06564753545745106
20200,0.011963566166948748
20210,0.006077413744893956
20213,0.009644523641133636
20214,0.06548230051197064
20215,0.019005464984390458
20216,0.0021357396441005613
20217,0.016654514195365688
20230,0.017307281019408895
20240,0.0064328638455574925
20247,0.006895171230512854
20248,0.011359699054595851
20249,0.030310338337019436
20250,0.07762478894675513
20260,0.04365130974967868
20267,0.01439151091903031
20268,0.00828298913678959
20270,0.027383602729830318
20271,0.00726131728788919
20280,0.0667141310980004
20301,0.07001974913016466
20302,0.055363194025347014
20303,0.016972466367038336
20304,0.060790705718298345
20305,0.018447498021056975
20400,0.02227418032071967
20490,0.02626038144798414
20492,0.011638756147028589
20494,0.013721763683753259
20500,0.001138265994020669
20560,0.007644024338213025
20570,0.0013205358255115938
20590,0.002203417581566327
20600,0.008876137906757267
20700,0.005525240915717929
20720,0.002230656632454409
20730,0.0030589426363130403
20738,0.02977300431588311
20740,0.01114313852040226
20749,0.003946045268520839
20750,0.016020007602587892
20800,0.03384243075359603
20808,0.005669706260343951
20810,0.026093783095834582
20820,0.0035394298639982204
20830,0.01533379538099917
20870,0.00541377169633214
21100,0.0003685141390334927
21110,0.000655874871809893
21130,0.0004331575513754485
21291,0.036880436981590124
21400,0.0008223425569759076
21409,0.002661138735952435
21410,0.0007375171480272423
21449,0.0031379998076762165
21450,0.000956739429157339
22144,0.023589558333856883
22300,1.605245943744156e-06
22400,3.05979659561584e-05
22420,0.00040949325210052555
22452,1.1816219487593302
22482,0.044813725978706795
22500,0.0003032739829409728
22520,0.0019510670064568716
22540,0.0002349869451697128
22549,0.006848166563806374
22550,0.005269846999181343
22700,0.0017757935051618981
22870,0.023102346671377675
22889,0.450088809946714
23002,0.0006784716556583028
23006,0.0005313164860511339
23008,0.0014227979397382318
23100,1.2658301096859873e-06
23130,0.007191364158543501
23200,0.0001417661020780521
23400,0.0005194537459796678
23500,9.035082082868356e-05
23540,0.0015625803290884295
23670,0.004077414660195884
23680,0.0013279435307623267
23700,0.0017072294411623605
23710,0.00034988328786512724
23740,0.00019581113188428385
23780,0.00408771337570269
23790,0.0024063898389955567
24001,0.10239316101464375
24002,0.07866891343153139
24003,0.08470701387632708
24004,0.08020263735404896
24005,0.021888694625554886
24006,0.10409604301352228
24007,0.07599990849699417
24008,0.0543952560363433
24009,0.10778058984832874
24010,0.05230384747735505
24100,0.028946465377242814
24121,0.009697298874801388
24122,0.0664980866573297
24124,1.117296827466319
24125,0.10354753851935362
24127,0.10283371455698934
24133,0.16257396815964742
24134,4.431103896103896
24136,1.2347997697557767
24141,0.10616401013437671
24148,0.2715424172255135
24150,0.22496415550366639
24151,0.3441005121638925
24152,0.20026628344393252
24153,0.04581347033050767
24154,0.2240410031590484
24155,0.006600306278713629
24161,0.04776587293066798
24162,0.02522934701382883
24163,0.004561532792925571
24166,0.034617245357448555
24191,0.07837038793833645
24192,0.05913061104149775
24193,0.018416764929250942
24195,0.01862908032459802
24196,0.06769928233037989
24197,0.04489550211950653
24198,0.04778008874709721
24199,0.048383022146225765
24200,0.015524503010031323
24210,0.06662879927294603
24217,0.003026508535692152
24219,0.018270359070640695
24220,0.004533537971056497
24223,0.09817100044072279
24225,0.0014458546067288092
24226,0.03049364574883531
24227,0.0689131614381318
24228,0.024242803504380475
24231,0.06403799106330496
24232,0.015910088173200315
24234,0.01904761904761905
24237,0.04867779314188936
24240,0.03628616789391041
24248,0.006138455904687016
24250,0.011264715902638453
24251,0.036461976682564914
24270,0.013541092554575326
24271,0.28330300573521905
24272,0.03385394719146456
24275,0.02159224953106569
24280,0.010784060208888986
24282,0.04322793324573961
24284,0.012904431951889134
24285,0.027212310590830242
24286,0.004171065388344285
24291,0.3071087131430735
24318,0.05892930511015895
24320,0.07404273499316619
24339,0.036765602483095
24344,0.00448074923513087
24346,0.01329409031639214
24347,0.07900735851919283
24350,0.0015915975918155637
24356,0.1648620246759818
24357,0.8344957587181904
24390,0.022876567436293543
24391,0.06463687597482018
24392,0.033488587716112565
24393,0.020635338804109768
24395,0.08469090060390348
24397,0.06921541978615928
24401,0.004554186061758342
24402,0.00019482675453708287
24403,0.0001212872921074666
24404,0.00205129126904469
24410,0.005877286320594994
24430,0.07232372590436698
24450,0.0037269797984059902
24469,1.7412840821476134
24489,0.05208249386424411
24500,0.004569104172503606
24600,0.03180062230900522
24609,0.2666572783176079
24610,0.08204858901863087
24620,0.020546781264856137
24630,1.7386533048080173
24640,0.08336308543955635
24648,0.0292107250755287
24649,0.03471280702091295
24650,0.28197131595905706
24660,0.265274064171123
24687,1.4059815950920245
24688,0.03866564752129286
24690,1.8605025125628143
24700,0.00876540258081464
24711,0.36182288299935356
24721,0.12871544452964204
24750,0.003966796290623421
24760,0.008373581118330843
24762,0.0015116855389073164
24763,0.03126822843164926
24767,0.018071364845120442
24793,0.005121398826193897
24800,0.008336900834873196
24810,0.0657272761083011
24811,0.02742731296190416
24813,0.21540029651593773
24815,0.0431165323272166
24836,0.12993436800247085
24839,0.013384843068288839
24840,0.14981984066642423
24843,0.3357742251623178
24847,0.2999126238389052
24848,0.0829564328606107
24850,0.006266647564302359
24855,0.10406692205456962
24870,0.17970759822872004
24877,0.04099132328661257
24885,0.03214188118270755
24890,0.014898791284472346
24891,0.006962333635373629
24893,0.46516029863855957
24900,0.22319973185619021
24950,0.2328476269775187
24960,0.06148344467034563
24970,0.11187872763419483
24991,0.08318124453936511
25001,0.028218684520672967
25002,0.0943454305865349
25003,0.08339725556055162
25004,0.16249432317285034
25005,0.04036275302270888
25006,0.09077350893613471
25007,0.11383282130656092
25008,0.16895701316910033
25100,0.0029168908263637098
25110,0.026504423333355672
25111,0.045840707964601775
25112,0.006062769832926724
25113,0.010231373998562998
25120,0.012107044957041341
25122,0.006674290342946312
25123,0.07706691623122194
25124,0.03367182014274601
25125,0.05747230607445625
25126,0.014199314911986786
25130,0.0010478870899064275
25131,0.021690383192525423
25132,0.05487383682748168
25133,0.045633639734610085
25134,0.037863204777075034
25135,0.01203200156853719
25137,0.08042664331386777
25138,0.052284215725474516
25139,0.02046996402960534
25140,0.004080382018859837
25141,0.006472579412413696
25142,0.02804371291809039
25150,0.06650529561974618
25153,0.05749443660409827
25154,0.005035278132468977
25160,0.0010197181574747775
25161,0.02902052471890059
25162,0.00806626943267559
25165,0.028557967282807586
25170,0.030053165486142095
25171,0.060254423920016016
25174,0.02981299363057325
25175,0.0047934707484652605
25176,0.0017458073386165838
25177,0.004759403997015638
25178,0.016339967361332558
25180,0.04275598542346318
25181,0.008306693481639055
25182,0.006719644965571178
25183,0.005039149755708681
25187,0.11721901225217742
25190,0.06725805483890322
25191,0.1226697552529365
25192,0.09624546146678797
25194,0.05876085939999508
25195,0.017411697909758436
25196,0.08313793238912823
25198,0.08320274624992871
25199,0.10432679432296182
25200,0.00019224084944768978
25210,0.0004192695331549531
25218,0.07915545366955713
25220,0.05782128365329372
25221,0.06552180403310574
25222,0.013619111100530863
25230,0.0036052205629672545
25240,0.0011211512717536813
25241,0.002451953357732573
25243,0.0025004253527544117
25244,0.004521762115993028
25250,0.0011270955938504333
25260,0.022552798635033143
25261,0.05693069306930693
25264,0.039261385887401475
25266,0.0005254531430775164
25300,0.004289262605066576
25310,0.0017962180224503
25320,0.0007676491093350577
25337,0.006060315540543863
25341,0.03659811281409655
25400,0.0038373241853585788
25413,0.1777521511576333
25430,0.05243483724414587
25440,0.033687105999329864
25450,0.021341193663354522
25457,0.06056207801143938
25520,0.0030838011763528904
25526,0.4363851617995264
25538,0.06596947030271766
25560,0.0011066243334052588
25569,0.2297554094695659
25580,0.017027094720012077
25594,0.0064445752048160046
25597,0.009581570577154681
25600,0.005721451019483037
25612,0.022608062709966407
25617,0.02954319883851599
25630,0.06186589178003787
25639,0.0015214025541664057
25660,0.03847392749534787
25670,0.06241439820022497
25680,0.005490244761012375
25690,0.01762714151704162
25726,0.01791324705037311
25730,0.0001669880110103816
25737,0.017758710219826414
25740,0.008607189135619307
25799,0.007035432852557192
26001,0.0178076772394509
26003,0.0011073165489950576
26004,0.003198031114892918
26005,0.0005379692688462393
26140,0.0002375607701711991
26148,0.1462673652838533
26200,0.009640015659061146
26222,0.0359342425295344
26230,0.0539932281050486
26240,0.2561425335757808
26250,0.018060147869540195
26258,0.34990933405866087
26280,0.017628267765066673
26300,0.005491133444109745
26322,0.019613217050394312
26325,0.1480384798026991
26350,0.0143647679074008
26371,0.15800678023204395
26520,0.0124639453050001
27001,8.919348021697087e-05
27002,0.000965418721743881
27004,0.0008795805701066484
27298,0.03213010904964641
27400,0.0012699942588607711
27419,0.009074359070605458
27438,0.1103448275862069
27460,0.0794876569858159
27468,0.007305968556591023
27470,0.010823634735899732
27500,0.0003024147204854726
27514,0.09332985604005842
27540,0.016592243006224274
27543,0.2698819320214669
27547,0.0008064309931322966
27593,0.0010525566327680934
27600,0.0012083802300741926
27640,0.0008226747208908804
27700,0.0016721093397987427
27780,4.227842620184557e-06
27800,0.000537308609057488
27879,0.0026775674662668663
27890,0.003023035239339652
28001,0.00016275905058200596
28003,7.261371441670315e-06
28004,3.513616539479689e-05
28005,4.1857304226183656e-05
28006,5.1356563224051884e-05
28007,3.327784278490726e-07
28009,9.899018973048284e-05
28012,0.0007217740397705755
28014,0.00013267875863425495
28015,5.3667230912991785e-05
28018,5.2389625531876185e-05
28019,5.966261382906599e-05
28020,2.254148440464072e-05
28021,7.176651185384343e-06
28022,6.740380422707903e-05
28028,3.96004834695554e-05
28032,2.487119423616918e-05
28036,0.00014473559328975405
28038,5.848917986351399e-06
28039,6.656985994725619e-05
28045,5.899732577742152e-06
28046,0.00010083040707935594
28050,0.00022112297753384833
28108,9.188028058499643e-05
28200,0.00010541938002016455
28220,8.426132313335776e-05
28223,0.00016837274296208253
28400,0.0001339346227499099
28470,0.0019482834832649154
28648,0.2807740982914997
28806,0.00012666106426894477
28823,0.0001246480102357043
28830,0.00013180139415243592
28933,5.3663389893127784e-05
29004,0.0010489493124497824
29006,2.0294817145349946e-05
29011,0.00021168017601222363
29016,0.00036600652633170266
29602,5.0211722649240237e-05
29603,0.000298440362145901
29604,0.0011983757154837035
29620,0.0003711586024833332
29630,0.0001313238800210211
29631,6.306056964902096e-05
29639,4.2313686539564103e-05
29640,8.09568587490993e-06
29649,0.0007043568192653109
29660,0.0010286214904545563
29670,0.00016611482745161542
29679,0.0009411825724285819
29691,0.0035313508399488205
29692,0.024039948772761215
29700,0.0002082736146017633
29770,0.0010047857654315528
29780,0.000766048783376685
29793,0.0008406809095678286
30001,0.0005020670232176458
30002,0.0012582416999456128
30003,7.914900983428678e-05
30004,0.0002197972396755529
30006,0.0006599442718454276
30007,0.0008715355585195991
30008,0.00048592335969371435
30009,0.0005950651794941859
30010,3.0443865747951373e-05
30012,2.4923066678715987e-05
30100,0.006199879213349767
30107,0.0007910980478925614
30110,0.015393964362962202
30120,4.6921530482829424e-05
30130,0.0017837786908414613
30139,0.01143186397347774
30140,0.0024908896399756203
30150,0.0003701616038428117
30152,0.00030871795629850015
30155,0.0041870086884567646
30157,0.005085944341712939
30158,0.0015835529794172806
30163,0.0010231624753113152
30167,0.0005507502824290319
30180,4.1026167002141055e-05
30194,0.004279684585937244
30201,0.00048815763857405287
30202,0.0010933115849782718
30203,0.0006772573968052654
30205,0.0044992084483914145
30300,9.056877775490884e-06
30310,4.7430307662277075e-05
30320,0.00013997567945030348
30353,0.013868304044039804
30368,0.0004991643077823486
30380,0.0060254516327306554
30384,0.011209247245926673
30385,0.0014571333473922775
30389,0.039357674929783856
30390,0.00028547916143681427
30392,0.0036373312211482526
30395,7.141366681297174e-05
30400,0.00018408918056400872
30430,4.6913511544282795e-06
30500,0.00018902179201441436
30506,0.00015168284960306898
30510,0.0017548414909579872
30520,0.0005871469609814364
30530,0.00011106691324933793
30540,0.0003901546393473826
30560,0.00027651760845967023
30562,5.187675031506149e-05
30570,2.4502977916659214e-05
30589,0.0004976814729849473
30593,0.00010183435957453086
30648,0.047802301368890944
30700,0.000319688284381879
30708,0.009619604114095246
30709,0.0001920068363456866
30710,0.0022346493697114746
30720,0.001994837214042656
30739,0.0038192323828844855
30740,0.005007505763537692
30800,0.0001483460702168004
30813,0.0002382404123567521
30815,0.0028442916358270734
30816,0.00011248976566000644
30817,0.0005185500390891728
30820,7.913773845484533e-05
30830,0.0044998801257029155
30840,0.00717746361881973
30849,0.05800651325721095
30850,0.0001512066658283257
30868,0.014592422105781126
30870,7.081358782594564e-05
30880,0.00045292452687797056
30890,4.467671055156094e-05
31003,0.0009769196510439862
31005,0.00016746871455918945
31007,0.000741636866703412
31008,0.0012281559170717056
31011,6.696267715657849e-05
31012,0.00018424341578600898
31013,0.0006143925889155435
31014,1.1191469766878992e-05
31179,0.05073330986741757
31180,0.0008505941974867094
31200,0.0029037994634989643
31229,0.11164550738379955
31253,0.005572713844501142
31281,0.06364009694358422
31680,0.08608066335099349
31700,0.04284308949308768
31744,0.0423180170909579
31754,0.007832341403665913
31760,0.0675874636697314
31770,0.04647038055196205
31780,6.29857713606258e-05
31800,0.0020971941359432204
31870,0.0008883414046627067
32001,0.019665672971542508
32002,0.09700213746422491
32003,0.12168796414265758
32004,0.10944348376732776
32005,0.11510803562573788
32100,0.025439585014883324
32101,0.026578881585719118
32102,0.00833734215273602
32103,0.12354138280185507
32111,0.039102844638949676
32137,0.0018808269152817186
32150,0.07102253204704638
32152,0.07995033860045148
32161,0.030079687162523162
32170,0.07157598844663199
32172,0.023257105220834323
32200,0.00041459433954967013
32235,0.009387199273717657
32236,0.001972341872591249
32300,0.007417413615570297
32340,0.0012054572435298194
32348,0.04072138798701298
32350,0.012452915857800098
32357,0.0714161256779923
32365,0.5038239868264569
32400,0.01069318192412758
32410,0.0479982206405694
32416,0.002761016276300119
32420,0.006153575650560403
32430,0.010474308533542538
32450,0.02660649073244677
32455,0.08331659346095613
32459,0.05490737950726759
32500,0.005413983821778515
32514,0.0618286829903197
32520,0.06579877934319937
32523,0.05719918661423012
32530,0.032545454545454544
32574,0.04032021096251648
32577,0.01831009855930693
32600,0.003631192031957658
32612,0.45826224328594
32615,0.002692039916453934
32630,0.006106007184638134
32631,0.0007354268182638513
32636,0.0009777453886965787
32640,0.05611709472521403
32650,0.033097292824210894
32654,0.016659962456422633
32660,0.06263805657323167
32664,0.04653778730988826
32667,0.011157869193731722
32690,0.05230657164597368
32696,0.0014238184221320813
32700,0.03726614164250578
32701,0.015507479957021241
32703,0.016639986113254127
32707,0.007443287963704296
32710,0.06375764224177084
32720,0.021567893064151328
32760,0.037366750690922344
32780,0.005027643470632638
32792,0.04814170017485277
32793,0.01397925801324667
32794,0.3291056044053646
32800,0.001307220932611151
32810,0.0008616775927506493
32817,0.0038513346866759
32820,0.07007376272303951
32824,0.16224948875255624
32830,0.03180868906050125
32890,0.06958591625496534
32892,0.17161410018552875
32897,0.009887304950876518
32901,0.066622154141185
32910,0.058537942838923676
32911,0.06469811164974111
32915,0.044458447614684087
32920,0.005719341437144176
32930,0.07640263629645606
32940,0.030247519733507134
32950,0.06789625028365888
32970,0.07225998073857061
32971,0.07336025618778691
32980,0.0622929617004211
32981,0.16565298585631258
32990,0.05202148636102392
33001,0.0005488086960000983
33002,0.005011039276061107
33004,0.008483320545142316
33005,0.0134077373170729
33006,0.002986557812416591
33007,4.6027509491735474e-05
33008,0.00015597235438055083
33009,0.004712929471425167
33010,5.655783662266883e-06
33011,0.0030751801879302897
33012,0.0005131741398770799
33013,0.0035641792347818496
33125,0.02148612842699609
33126,0.014202490079799877
33130,0.028001829686666157
33138,0.019987857861086342
33155,0.004490499102919589
33156,0.010730387099509589
33158,0.04697415567584051
33160,0.02353473891465813
33170,0.1664234065345474
33174,0.02257774958559486
33180,0.04043662184939002
33186,0.02426049474637308
33188,0.013152591928102132
33189,0.04685704195074013
33190,0.048008750730182
33192,0.06418117871186772
33199,0.04882147955782476
33201,0.04876099458693157
33202,0.05962512480155405
33203,0.08065656042713845
33204,0.06211835352011116
33205,0.07877232803920763
33206,0.10952712939293661
33207,0.12340239957585579
33208,0.092517389865272
33209,0.04958441590373914
33210,0.09555000077670847
33211,0.09437222533794243
33212,0.0695337727253451
33213,0.08172247728716968
33299,0.07287433013211651
33300,0.008937047613589877
33310,0.09506854150732483
33313,0.04461121587145642
33314,0.03648936307250372
33315,0.015265451102455509
33327,0.3386547561137399
33341,0.00895504387999332
33350,0.0899029626583234
33390,0.07443125595751442
33391,0.009160554527713714
33392,0.05925057973191292
33393,0.09083508279886988
33394,0.06776417209415134
33401,0.0013625801892110858
33402,0.001501645688788573
33403,0.01873226081704569
33412,0.12217765570832846
33417,1.671803369235018
33423,0.06402511808908601
33428,0.04311241998515261
33429,0.07794433144324625
33430,0.02449218647538916
33439,0.06688099577072516
33440,0.00691164928407283
33448,0.002608178556562073
33449,0.03619953583969784
33450,0.0017311127110378713
33460,0.017217141533954466
33468,0.015232519181157235
33469,0.02641407397516357
33490,0.023360301890744613
33492,0.03585383876093287
33500,3.964016661746136e-05
33508,0.0017201171799714758
33509,0.006145224261325285
33510,0.02708460169883825
33518,0.07079315968207253
33527,0.01607078681644814
33548,0.057707629299733686
33557,0.08729220683919574
33558,0.12261405672009863
33560,0.03594300057409069
33580,0.03920690046684343
33583,0.0033405172413793105
33590,0.009794906559097203
33594,0.056482635755551625
33600,0.0008315977609844867
33617,0.01710507491726197
33629,0.0282654877418614
33630,0.00027989995896754525
33639,0.07696537678207739
33660,0.0011766177990183415
33682,0.018863456985003947
33691,0.07803017624948533
33710,0.007290897790316078
33718,0.031144073692705866
33740,0.001929263429422796
33760,0.0007681284449369579
33780,0.034658512831952294
33785,0.054205788403833124
33790,0.07021237913109057
33800,0.0001516570288522911
33812,0.023655348629941557
33820,0.0005149895965499808
33829,0.00038702995699293525
33830,0.016704491183123726
33839,0.26844269316429675
33874,0.010962129715484848
33919,0.03381390706443385
33930,0.018326837123207273
33938,0.010226398760586874
33940,0.0001444610199709827
33950,0.0015977092363367465
33960,0.024792368290346985
33988,0.23090107351899
33993,0.015658160333948554
33995,0.271290999927594
34003,5.204423195244896e-05
34005,0.001217537646389784
34257,0.03436508483928818
34337,0.09425953417582554
34400,0.0010042139567465731
34468,0.010554804839786899
34490,0.09228244759686641
34880,0.0011185824183830137
36001,0.011107416432850167
36002,0.01697041540047889
36003,0.007749228850478166
36004,0.012776353344030635
36005,0.025803923818414853
36140,0.009216948550991715
36141,0.02339722018655061
36142,0.004440954987627553
36143,0.02114423200326898
36157,0.014992260222201514
36158,0.00440606174234388
36162,0.005986968794997683
36163,0.008508968021080506
36201,0.08669002384433176
36202,0.10715687257596168
36203,0.08678644044213885
36204,0.11570383482489864
36205,0.08773539630988729
36206,0.08999756724859277
36207,0.06218082872841859
36208,0.050246647224497135
36209,0.10052823564177213
36210,0.1313108351568491
36211,0.10036483230451042
36212,0.11664878278673738
36213,0.02726403697204455
36214,0.12390052198458552
36215,0.05298839436422631
36216,0.027280551748730186
36300,0.03635186706209851
36307,0.003157069754444794
36308,0.318154045880965
36309,0.30547757384611385
36310,0.05048419799565451
36312,0.016664682924128767
36313,0.07427463846178957
36314,0.009399980086380023
36315,0.08244212599645137
36316,0.01889799345629325
36317,0.06347602718904656
36318,0.05741108995914034
36320,0.07352239829760485
36330,0.08726014153623934
36331,0.0832293615301652
36340,0.06817249429979656
36350,0.03205164210106599
36360,0.0548587394418655
36370,0.07192997664708796
36378,0.06026396695008887
36379,0.03134361560595279
36380,0.01319522411751828
36388,0.07571239424695715
36389,0.01477908070016477
36390,0.07371908072525696
36391,0.06878534660579669
36392,0.0615262175462413
36393,0.030103342307529982
36400,0.03331537490690382
36410,0.06944062605442716
36412,0.059976561126036256
36413,0.09660160082623288
36415,0.07080567659200926
36416,0.057467401797427715
36417,0.044484005968915205
36418,0.056704431257403674
36419,0.04031238813490124
36430,0.011039215085918019
36440,0.25212706049588585
36446,0.04287017349621931
36449,0.0031634297671663376
36450,0.011664738266853112
36457,0.009435648368731103
36458,0.009577720507485914
36460,0.012153526251949402
36470,0.027150842507079803
36472,0.02143606677805946
36475,0.012331445624785489
36500,0.0018299057202872356
36515,3.9034561346086245e-05
36539,0.029422654720227856
36600,0.009860239856064355
36611,0.010300552321933918
36612,0.00034407937082629335
36617,0.10005969357299198
36620,0.0006406006732646459
36626,0.013379919967660706
36630,0.005424597681259733
36633,0.022139307284931527
36636,0.04296000404117334
36638,0.1499576806873942
36658,0.038210485631138595
36680,0.01027781759347799
36690,0.022155631279008284
36691,0.006869575843806123
36693,0.03689659478528565
36700,0.005738558913087392
36710,0.06280371558858301
36711,0.01192866174010696
36712,0.00729570671832875
36713,0.009804370441016669
36720,0.00844040051881629
36721,0.0020658556591858965
36729,0.07105823058230583
36730,0.001044113453992478
36740,0.007206507683110677
36749,0.005642971163214959
36750,0.012566058970050644
36760,0.0026349898982444163
36770,0.002503704715276714
36780,0.022549469019787608
36788,0.024588046813100128
36789,0.0006818348073011521
36790,0.004957350284557815
36791,0.011168605065077115
36792,0.05515265059973838
36794,0.02263853505425986
36800,0.034403376937824554
36810,0.0207092186089522
36811,0.04163356700010127
36812,0.04934144658636541
36813,0.08624702818021536
36814,0.028364801599927277
36815,0.06053030880961826
36817,0.06458861982919199
36818,0.02491530494942443
36820,0.019952686910045113
36840,0.010545851748195428
36841,0.005046532743161957
36842,0.007397306569716831
36860,0.001970754495139981
36861,0.004611401333441743
36863,0.007418410560822185
36865,0.02442806184768123
36866,0.021467349609079193
36869,0.03215911019236999
36870,0.0034904964584124383
36872,0.020325163847467027
36876,0.02744962277988912
36877,0.010425273602291882
36878,0.025339350807151537
36880,0.03844525301239406
36887,0.08374986446926162
36889,0.03207244869808798
36890,0.007966493586740949
36891,0.07505434178238081
36892,0.007907023545985107
36900,0.007074104580803731
36910,0.0020247735789728706
36911,0.0030450553722950143
36912,0.03647939192614372
36913,0.024847951577405977
36915,0.01803581024476349
36930,0.06391154973528543
36937,0.03187510508367039
36938,0.03536999913011158
36939,0.0642856226383623
36940,0.019331139924769404
36945,0.04607215703886674
36946,0.006049717054072284
36947,0.04301500242429784
36949,0.08249932191410723
36950,0.04950248491572564
36954,0.06398819283041758
36955,0.052571500436624535
36957,0.05553623068437637
36958,0.05993063479493621
36959,0.004933498437003626
36960,0.041156288701845345
36966,0.051627066426511235
36967,0.00858560088721759
36969,0.003064098257571619
36970,0.012382773999004617
36980,0.007181614139674352
36988,0.021779689896064065
36990,0.009223390643633884
36992,0.008244549669527474
36993,0.005190295453451237
36995,0.001630189667642019
37001,0.08318980581138875
37002,0.07948094124611514
37003,0.08831999186926821
37004,0.1088179945954272
37005,0.08362267851311721
37006,0.07911133535449022
37007,0.045443841749537216
37008,0.07994856512031999
37115,0.010012639107247449
37120,0.05685133982568195
37129,0.03099527762588855
37160,0.015886272170457315
37181,0.05369528238515992
37184,0.0958181755194019
37185,0.060187272975077075
37187,0.015334187303779641
37188,0.08504046846277681
37189,0.030978547668026993
37190,0.02387370201238963
37191,0.05347899332876164
37192,0.07268638179760979
37193,0.09691997098434728
37200,0.006547696884500964
37214,0.060736817279534595
37251,0.015270388016536587
37254,0.3557396904171098
37256,0.04052624712741724
37258,0.019305701032470448
37290,0.033925998745741454
37300,0.0017210562797458288
37310,0.0014702534239298165
37318,0.016265579681743355
37340,0.004066469003026341
37350,0.07039456370769269
37408,0.0729712434507859
37429,0.0014370398699684484
37430,0.014559745542404502
37439,0.05222286026312575
37449,0.009839533230659874
37451,0.006261082091340394
37500,0.0009162239183456033
37590,0.004904921835358929
37657,0.05821404709360005
37658,0.12260395387706177
37659,0.017220804153849512
37700,0.00240832975107224
37710,0.011100609635406359
37713,0.08985872855701312
37730,0.0004541394487909345
37768,0.01308930585460884
37770,0.011225072651226735
37780,0.0021083959899749374
37785,0.007721128885819874
37796,0.01722631599491688
37797,0.06339034759602226
37798,0.04755147893565244
37800,0.006114786895019407
37860,0.09003857205726268
37891,0.018889849598398144
37892,0.001263021013460235
37893,0.008840711344143177
37900,0.13014320890469774
39001,0.002325785824672839
39005,0.006737974641639354
39006,0.0012655265195168424
39010,0.0003655339521356563
39011,6.042332523958623e-05
39110,2.5430820774812054e-05
39120,0.0016911537257730035
39160,0.0067809244873558595
39180,0.052486286873210664
39192,0.03457161438679465
39195,0.01342220931492199
39197,0.03933547682376683
39200,2.78419333633482e-05
39213,0.13721955593059437
39232,0.28538136645962736
39300,2.1646328494527013e-05
39310,0.0019679563590691064
39340,0.002674405946984185
39418,0.25423439604849574
39540,0.007715094825366859
39549,0.002053368570152006
39570,0.0026530082431650325
39610,0.0014918677372966517
39639,0.019783669625274697
39700,0.0038334583620450616
39706,0.012654346509450196
39707,0.0015120795098586257
39709,0.01333256156916433
39724,0.0637693297147542
39738,0.03146591478483894
39740,0.0008295871113995795
39750,0.00617643279227277
39760,0.025291976803826437
39766,1.559714599341383
39770,0.028918876582997105
39776,0.011632624510352546
39790,0.02129713419219928
39794,0.06906423201990548
39813,0.011611088790678988
40001,0.004950366128558027
40005,0.0003342376683854266
40134,0.048225521495211233
40180,0.00038436734167419066
40196,0.001413418265874867
40220,0.007820139588698542
40340,0.04011856603713367
40350,2.6990273120802234e-05
40540,0.17896982073973225
41002,0.0005370833791533581
41003,4.580989170667647e-05
41006,0.00031312481191634987
41007,5.659718626038944e-05
41008,4.816045794074592e-05
41010,7.831069032125624e-05
41011,0.00021645547003951136
41012,0.0005541340126440921
41400,0.003349553014434028
41500,5.139011600690349e-06
41907,0.00014787589401622696
41930,4.7923589504952443e-05
41950,1.5823856325705075e-05
42112,0.02204609080964829
42140,0.02031073434634855
42165,0.011129974083915624
43001,0.0010870972475163778
43202,8.053207441526321e-05
43381,0.0028840669770926084
43425,0.0032388362987560092
43427,0.00614541506540059
43460,0.0002628812150827564
43480,0.0006951278058335531
43481,0.0018590530306946973
43500,7.901904649393695e-05
43530,0.0006624207719766579
43540,0.00040694123382375194
43550,7.60414748444461e-05
43580,0.0008979118156863037
43740,0.0009997550759561905
43790,0.00040654526290795687
43830,0.003087293721585099
43840,0.0009211935663248625
43850,0.0011515912377177485
43883,0.00037275831727143216
43890,0.0012269308326818683
43892,0.0012233523437738265
43893,0.00485955260814085
43894,0.005068274716412355
44145,0.47620527697195747
44311,0.20421767874632712
45710,0.00013008372720696288
46001,0.0028191690720939916
46002,0.09487108042091007
46003,0.09568585482488978
46004,0.07115206301343556
46005,0.03665385746117694
46006,0.0824988469991041
46007,0.1109099023208863
46008,0.07373267207424343
46009,0.04977819442382147
46010,0.06518973241310226
46011,0.07177168420489159
46012,0.0411365326063441
46013,0.1533974886952725
46014,0.09451293116739393
46015,0.000170878241516417
46017,0.026276018173560633
46018,0.009470351231310539
46019,0.0002782332833854721
46020,0.0932650282157775
46021,0.04681693385912264
46022,0.06154729825889622
46023,0.09421954699840562
46024,0.13507120648988635
46025,0.045247753797109234
46026,0.1102746521414977
46035,0.0002611639464938797
46100,0.0004445384346126278
46110,0.0004427091192650551
46112,0.0007155212573657554
46113,0.019436908392927006
46117,0.0006915020675794677
46119,0.00021045900199702754
46120,0.07023221064633219
46130,0.02031015480482844
46133,0.07308343965902825
46136,0.009289280968134138
46137,0.05745854623247449
46169,0.018447852604333032
46170,0.0021919216945719255
46182,4.2991299180828836e-05
46184,0.0015155033461296704
46185,0.00018106722464212015
46190,0.0007849951466582051
46192,0.011274519957743853
46195,0.002760789795561768
46210,0.0007683225232969308
46220,0.06239909035052736
46230,0.0005850467803197342
46250,0.003682165441688292
46294,0.007261787485404729
46295,0.04062215657311669
46320,0.0025751405856117896
46340,0.00024314172296625928
46370,0.002363029286483561
46392,0.004478843590797554
46400,0.003589207883959354
46408,0.07722344147237131
46410,0.0001943653554528457
46419,0.0019201675256274862
46420,0.016486608463920305
46440,0.0024476982021720984
46450,0.0024291104039325983
46460,0.0005516879920241173
46470,0.0757420549202909
46520,0.0006835858497866339
46529,0.0017450342085527663
46530,0.013218321321605971
46540,0.04101581128208153
46550,0.06170716750317805
46560,0.005374959421272477
46591,0.018955932478493753
46593,0.017662497812809853
46610,0.0029145084317590314
46622,0.006317091636697942
46660,0.00040328112165041144
46680,0.001206718888645059
46689,0.008445033025153575
46701,0.0017455759605633809
46702,0.002193043869678831
46703,0.008043033347561042
46711,0.019669876971117987
46712,0.029898795110846903
46713,0.005824562123643886
46715,0.0018528032554106977
46716,0.024579273591251453
46717,0.008376274271137567
46720,0.03155749954895802
46723,0.09522780801801206
46724,0.00904188252918045
46726,0.005256353538954484
46727,0.005252682198273397
46729,0.03519410086705528
46730,0.004685422250860991
46740,0.0025592458538841903
46758,0.04218176264533278
46760,0.002312786007079506
46780,0.04393428536171893
46800,0.0006299979829560411
46823,0.011660450210539554
46824,0.008728921076280594
46842,0.026925757908980098
46850,0.0004633923072085355
46860,0.0025417290053990765
46870,0.0031239278662027847
46890,0.00030470697032868857
46891,0.01601608382821335
46900,0.000477004560036255
46910,0.09701272980689146
46920,0.0009451602321665136
46930,0.0007412559798371258
46940,0.00026655879102224214
46950,0.001296460394462356
46960,0.0007632673573333464
46970,0.061802567602469334
46980,0.0009927275296824857
47007,0.0006203183300293381
47008,0.0004819525628713399
47009,0.00043547689607979296
47010,3.6922012806156346e-05
47011,3.567029338816312e-05
47013,2.30063397433465e-05
47014,0.0004654356582302615
47195,0.006749001302889971
47491,0.045185411969903604
47686,0.8042431380246671
47883,0.15735041399781285
48001,0.10345370734893092
48002,0.10302244782620536
48003,0.06509141211984558
48004,0.11267535725756209
48005,0.04890553970960835
48006,0.08936842058730199
48007,0.11417758097917338
48008,0.09742836716469848
48009,0.03766983570748413
48010,0.10185753612137381
48011,0.059376108809889354
48012,0.08243057078398436
48013,0.10669171837547141
48014,0.11723192233261209
48015,0.0377897148798546
48100,0.06440051918048124
48110,0.02125434776461273
48111,0.06464766357716122
48112,0.0139575377699144
48113,0.054227322818229395
48120,0.009722155217619297
48130,0.009655387821956187
48140,0.006982989850293687
48145,0.11875348122539132
48150,0.05627132978014912
48160,0.062348172651503914
48170,0.05836067317700926
48180,0.05550492561156651
48190,0.0078029407903374036
48191,0.030214924074659918
48195,0.043049894820349724
48200,0.003524134651567999
48210,0.006265560371762699
48215,0.00194002855606101
48220,0.004611803660265709
48230,0.00021197550833499515
48240,0.011000793036703859
48260,0.007156503119934366
48270,0.018550643788409107
48280,0.01012814465538012
48287,0.05673899177288403
48300,0.0009967709477481427
48311,0.015518188163323959
48312,0.021907333050115798
48314,0.013467194834205432
48340,0.0030255155866464947
48350,0.033232560454510264
48360,0.026229628125578535
48370,0.006640706705686979
48381,0.04924407700845868
48390,0.07049751935985231
48392,0.005459534129518365
48395,0.014329110428388967
48410,0.013865764896684602
48450,0.08055098941915981
48460,0.00419705454767669
48480,0.027459079729610557
48490,0.07224114920364937
48499,0.006258397244371706
48530,0.06686961486007888
48600,0.04156537717858387
48620,0.0501488605941634
48630,0.0036610188310090483
48640,0.043398857423185465
48650,0.010436587397611536
48710,0.06476162017600215
48800,0.0019745233998922545
48810,0.037430826255248725
48840,0.028124833472765925
48850,0.057052470026839414
48891,0.0075046374707637715
48901,0.02041129101209949
48902,0.0899695397478686
48903,0.031979210680830115
48910,0.041807153387470486
48920,0.06172906223216918
48930,0.04806779601556604
48940,0.04230975962072936
48950,0.06264824012237939
48960,0.08965121318848286
48970,0.09078466368828142
48980,0.022896693252770738
48991,0.027734999977889117
48992,0.05356891902620219
48993,0.04658711254822245
49001,0.0005555050502633983
49002,0.0055428322194216485
49004,0.00038376432710105694
49005,0.005322232959191259
49006,0.002597579614824723
49007,0.0069735750074285075
49008,0.0014755646706425235
49009,0.0025035508680739185
49010,0.003238186077174477
49011,0.009685034004776242
49012,0.00017919697356222428
49013,0.0041186659185461945
49014,0.00028681252532723777
49015,0.003774912674184779
49016,0.0024080343984927343
49017,0.0018052549502138538
49018,7.340902834457811e-05
49019,0.005074501915817664
49020,0.0060743411189357515
49021,0.0005549252626415526
49022,0.0023674563024153376
49023,0.00020345671156996487
49024,0.006735912835154737
49025,0.015934688673230855
49026,0.007671910018222566
49027,0.002753511261780822
49028,0.0006695691659704403
49029,0.0017422915698698538
49031,0.006701811097947852
49032,0.01049111948528604
49100,0.020187168108136404
49121,0.0017948494027127276
49126,0.07006760528437636
49129,0.12267934056141393
49130,0.0027981040169502633
49140,0.005407182599898837
49142,0.0005456713881945466
49145,0.1580238726790451
49150,0.0005233333248362832
49151,0.0015090603882408644
49152,0.010901237607143658
49153,0.012386882895797868
49157,0.00678457895073713
49159,0.010191412541370948
49160,0.004050969782955436
49161,0.04976095750727157
49166,0.004560283195668772
49190,0.003383953876218832
49192,0.001652546559946744
49212,0.0008059873344847439
49220,0.003309827160493827
49252,0.026686768137791455
49255,0.06628596855532483
49327,0.008669229419552423
49333,0.01621749533300029
49335,0.016884169368044648
49362,0.5256549520766773
49510,0.024954033555504483
49530,0.00023725471208106276
49543,0.02341773903417739
49594,0.026983812822506538
49600,0.0026789525120165937
49610,0.028162000720048274
49638,0.08093441401155207
49692,0.02949575106223444
49694,0.00013239653982049303
49696,0.017040453443484285
49710,0.020211345577699623
49720,0.005101475510888818
49721,0.009123985446403582
49740,0.02045463746407028
49750,0.0028867035443556647
49760,0.013716709287095365
49820,0.001865557979664924
49830,0.008173273395995096
50001,0.00011651556217550671
50002,1.986558839649816e-05
50004,0.00010353261900166026
50007,2.793404449180295e-05
50008,2.3941450955824786e-06
50009,0.00017082290489594157
50014,4.118147000864914e-05
50015,4.96763136756409e-05
50021,0.015312134485281695
50194,0.0005376175857389373
50196,0.0008118644947725716
50590,0.06593064368838832
50650,0.0014476631694615482
50670,0.009387973662638495
