CMP,Roundist,Sales,Market Size,Pct,Acc_sales,Acc_Pct,Acc_MSize,MShare,Acc_MShare
Centro 1,0,824968.4,3909696.254901904,0.004757505877897024,824968.4,0.004757505877897024,3909696.254901904,0.21100575242019634,0.21100575242019634
Centro 1,2,2219772.3,16145783.220068106,0.012801193069750302,3044740.6999999997,0.017558698947647326,20055479.47497001,0.13748309820244423,0.15181590167415096
Centro 1,3,1285216.1,10547224.643719224,0.007411705890938234,4329956.8,0.02497040483858556,30602704.11868923,0.12185348690428571,0.1414893528103509
Centro 1,4,1184980.4,9363151.947115565,0.006833657165768732,5514937.199999999,0.03180406200435429,39965856.065804794,0.12655785217338567,0.13799121907759251
Centro 1,5,3512893.0999999996,16894247.925555535,0.0202584845330729,9027830.299999999,0.05206254653742719,56860103.99136033,0.2079342694317945,0.1587726660044755
Centro 1,6,1630604.0,12400947.588879112,0.009403521534306524,10658434.299999999,0.06146606807173371,69261051.58023944,0.13149027429664234,0.15388784976289485
Centro 1,7,588559.0,4148841.8056644015,0.0033941577665146864,11246993.299999999,0.0648602258382484,73409893.38590385,0.1418610367829504,0.15320814104546354
Centro 1,9,892361.2,4365727.254419852,0.005146153057750141,12139354.499999998,0.07000637889599853,77775620.6403237,0.2044015001387399,0.15608174386854337
Centro 1,10,158948.19999999998,826888.0674049569,0.0009166375291237236,12298302.699999997,0.07092301642512225,78602508.70772865,0.19222456613605637,0.15646196161154785
Centro 1,14,1708117.4000000001,8304489.000080263,0.009850533148467483,14006420.099999998,0.08077354957358973,86906997.70780891,0.2056860331783799,0.16116561921850248
Centro 1,17,189514.5,5533731.865365205,0.001092910162009497,14195934.599999998,0.08186645973559924,92440729.57317412,0.03424714182234646,0.153567963662195
Centro 1,18,545663.8,7219264.313593832,0.00314678566579717,14741598.399999999,0.0850132454013964,99659993.88676795,0.07558440532126222,0.14791891736165627
Centro 1,19,158491.8,2292268.319018597,0.0009140055183913462,14900090.2,0.08592725091978776,101952262.20578656,0.06914190572064272,0.14614771538786225
Centro 1,20,128839.20000000001,973506.3047854106,0.0007430020971755406,15028929.399999999,0.0866702530169633,102925768.51057197,0.13234552192078505,0.14601716963091035
Centro 10,0,1376295.6,7006332.699594191,0.007936951775030185,17597735.699999996,0.10148428840477802,451722387.93256974,0.19643594716530027,0.03895697040950486
Centro 10,5,1115184.5,7959574.947811789,0.006431151561307868,18712920.199999996,0.10791543996608588,459681962.8803815,0.14010603673084096,0.040708406487703484
Centro 10,6,37678.0,247817.44755760056,0.00021728505778815778,18750598.199999996,0.10813272502387404,459929780.32793915,0.15203933529031466,0.0407683933548083
Centro 10,7,533144.4,4713832.282333264,0.0030745876045287094,19283742.599999994,0.11120731262840275,464643612.6102724,0.11310211481179447,0.041502222513439685
Centro 10,8,1123282.5,13787864.069010481,0.006477851874434055,20407025.099999994,0.1176851645028368,478431476.6792829,0.08146892762923902,0.04265401858933263
Centro 10,9,383805.0,7453938.634336053,0.0022133630130151253,20790830.099999994,0.11989852751585192,485885415.31361896,0.05149022802951835,0.042789574341473846
Centro 10,10,143991.8,3063207.315882965,0.0008303855455178314,20934821.899999995,0.12072891306136976,488948622.62950194,0.047006873891098214,0.04281599524182163
Centro 10,11,372425.8,7193294.439783291,0.0021477403650618635,21307247.699999996,0.12287665342643163,496141917.0692852,0.051774024143966486,0.04294587287819199
Centro 10,12,177856.4,4215625.960158783,0.001025679127129723,21485104.099999994,0.12390233255356134,500357543.029444,0.04218979617283242,0.04293950276020059
Centro 10,13,98017.1,1070778.335802001,0.0005652542926303848,21583121.199999996,0.12446758684619173,501428321.365246,0.09153817996008137,0.04304328311818392
Centro 10,15,9305.0,103802.97354133632,5.366095500607272e-05,21592426.199999996,0.1245212478011978,501532124.3387873,0.0896409773492141,0.04305292752376956
Centro 10,16,17682.4,417216.92264849454,0.00010197253850611289,21610108.599999994,0.12462322033970391,501949341.2614358,0.04238178999967705,0.043052369678765176
Centro 10,19,63208.9,1005001.0024690788,0.00036451906919756586,21673317.499999993,0.12498773940890147,502954342.26390487,0.06289436512472013,0.043092017860793815
Centro 11,0,276986.0,1008394.2632904028,0.0015973490900926448,22239102.29999999,0.12825056076257366,800799550.8210617,0.27468026156375713,0.02777112234540864
Centro 11,2,57047.9,310737.421706708,0.0003289892310683435,22296150.199999988,0.128579549993642,801110288.2427684,0.18358876663990964,0.027831561430706985
Centro 11,3,247776.0,1306475.9770895322,0.0014288980964626196,22543926.199999988,0.13000844809010462,802416764.2198579,0.18965216685574007,0.028095033909115927
Centro 11,4,283236.69999999995,1628581.9297753768,0.0016333962186747466,22827162.899999987,0.13164184430877934,804045346.1496333,0.1739161504997575,0.02839039241917562
Centro 11,5,210057.2,413135.58804610505,0.0012113777493714798,23037220.099999987,0.13285322205815084,804458481.7376794,0.5084461520089576,0.028636928596039148
Centro 11,7,1357422.0,7068435.793795942,0.007828109711580145,24394642.099999987,0.14068133176973097,811526917.5314753,0.19203994201820818,0.030060176160520063
Centro 11,8,315807.6,1194186.4740775852,0.0018212291686379163,24710449.699999988,0.1425025609383689,812721104.0055529,0.26445417600625265,0.030404587229509367
Centro 11,9,62732.0,463026.4749773492,0.00036176883712422936,24773181.699999988,0.14286432977549313,813184130.4805303,0.13548253369976043,0.030464418538715104
Centro 11,11,465160.80000000005,2173781.034496969,0.0026825333432980974,25238342.49999999,0.14554686311879123,815357911.5150273,0.21398696217240762,0.0309536979326101
Centro 11,13,424119.8,4965634.332819289,0.0024458542186979646,25662462.29999999,0.1479927173374892,820323545.8478466,0.0854110012082186,0.0312833423225424
Centro 11,14,491671.5,2793294.7941783275,0.0028354177581158824,26154133.79999999,0.15082813509560508,823116840.642025,0.17601847861698017,0.03177450941181079
Centro 11,15,18561.8,106965.33584683842,0.00010704394568852452,26172695.59999999,0.1509351790412936,823223805.9778718,0.17353098415526202,0.03179292849641366
Centro 11,16,396006.9,2531620.5041252756,0.0022837300852223902,26568702.49999999,0.15321890912651598,825755426.481997,0.1564242742364848,0.03217502622197934
Centro 11,17,391239.5,2207039.073851389,0.0022562369915205146,26959941.99999999,0.1554751461180365,827962465.5558484,0.17726895034860815,0.03256179249852899
Centro 11,18,49249.2,455195.4175998259,0.0002840149495201587,27009191.199999988,0.15575916106755666,828417660.9734482,0.10819353204318996,0.032603350305523804
Centro 11,19,209170.30000000002,2679587.0007923334,0.0012062630904789613,27218361.49999999,0.15696542415803563,831097247.9742405,0.0780606488754237,0.03274991171772429
Centro 11,20,430367.2,4880661.476220381,0.0024818823165276196,27648728.699999988,0.15944730647456323,835977909.4504609,0.08817804760621903,0.03307351592361475
Centro 12,0,673152.0,2267790.383034768,0.003881996688258771,29354083.899999995,0.1692819103065431,1242805302.9497313,0.2968316670869663,0.02361921358907116
Centro 12,1,1113012.6,4262970.34673996,0.006418626442750352,30467096.499999996,0.17570053674929345,1247068273.2964714,0.26108851562881713,0.024430977158503103
Centro 12,2,2940648.4,14058277.346643634,0.016958409616451342,33407744.899999995,0.1926589463657448,1261126550.643115,0.209175585848153,0.02649039851152418
Centro 12,3,1239052.0,5452877.187247215,0.007145482388198218,34646796.89999999,0.19980442875394297,1266579427.8303623,0.227229031106331,0.02735461838295416
Centro 12,4,358945.0,1516063.2749502552,0.0020699980112471547,35005741.89999999,0.20187442676519013,1268095491.1053126,0.236761226217143,0.027604973084075765
Centro 12,5,42093.6,578473.052821214,0.00024274935794128133,35047835.49999999,0.20211717612313143,1268673964.1581337,0.07276674305693143,0.027625565346300004
Centro 12,6,382076.19999999995,1497883.3372695814,0.00220339320549073,35429911.699999996,0.20432056932862216,1270171847.4954033,0.2550774085627176,0.027893793875106505
Centro 12,7,263176.8,1540498.6113694534,0.0015177128880647177,35693088.49999999,0.20583828221668687,1271712346.1067727,0.17083871290610533,0.028066951311175845
Centro 12,8,27083.8,111508.4393862792,0.00015618942215942744,35720172.29999999,0.2059944716388463,1271823854.546159,0.24288565196557296,0.028085785757451822
Centro 12,9,143968.4,1038454.19838751,0.0008302506001822977,35864140.69999999,0.20682472223902856,1272862308.7445467,0.1386372169553083,0.028175978229234875
Centro 12,10,258514.40000000002,1219764.7526210668,0.0014908253183043404,36122655.09999999,0.20831554755733292,1274082073.4971678,0.21193791626171898,0.028351905934009897
Centro 12,11,288615.4,1920181.750054098,0.0016644146150950761,36411270.499999985,0.20997996217242798,1276002255.247222,0.1503062926162426,0.028535428013758017
Centro 12,13,404797.6,1477557.0619880653,0.0023344251262940596,36816068.09999999,0.21231438729872204,1277479812.30921,0.2739641063035098,0.028819295416849036
Centro 12,15,109529.4,322869.2140429215,0.0006316445142656789,36925597.499999985,0.2129460318129877,1277802681.523253,0.33923767035106484,0.028897730482128455
Centro 12,16,860240.2,6064063.429055467,0.004960914633703922,37785837.69999999,0.21790694644669165,1283866744.9523084,0.14185870745979154,0.029431276920724052
Centro 12,17,94440.20000000001,394638.0965481866,0.000544626687046159,37880277.89999999,0.21845157313373784,1284261383.0488565,0.23930837095061994,0.029495769630689683
Centro 12,18,416241.0,2269770.751235546,0.0024004180088858375,38296518.89999999,0.22085199114262366,1286531153.800092,0.18338459942415766,0.029767268975089824
Centro 12,19,323079.8,3240116.5698137786,0.0018631671801365903,38619598.69999999,0.22271515832276023,1289771270.3699057,0.09971240016792624,0.029942982594831646
Centro 12,20,29443.8,189469.74928941848,0.00016979929360642709,38649042.499999985,0.22288495761636665,1289960740.1191952,0.15540106064648906,0.029961409908047843
Centro 13,0,1212787.7,4343597.80266009,0.0069940189362298144,40428643.199999966,0.2331477274273795,1520752849.793435,0.2792127068618713,0.02658462432307223
Centro 13,1,797326.8,3899221.190912004,0.004598099681884573,41225969.99999996,0.23774582710926404,1524652070.984347,0.20448360350993838,0.02703959203845348
Centro 13,2,4189679.3,19525601.162233517,0.024161439269981114,45415649.29999996,0.26190726637924516,1544177672.1465807,0.21457363925386796,0.029410896245421744
Centro 13,3,1454973.7999999998,5553895.652583856,0.008390680668115491,46870623.09999996,0.2702979470473606,1549731567.7991645,0.26197355712347564,0.03024434945631442
Centro 13,4,60267.5,158623.66068033272,0.0003475563251830723,46930890.59999996,0.27064550337254367,1549890191.4598448,0.37994016618652143,0.030280139108303957
Centro 13,5,1264972.3,4386734.369696119,0.007294962028396382,48195862.899999954,0.27794046540094003,1554276925.829541,0.2883630950482256,0.031008543007403327
Centro 13,6,800660.4,6787119.850256135,0.0046173242019929275,48996523.29999995,0.282557789602933,1561064045.6797972,0.11796762362606347,0.031386619553244156
Centro 13,7,89748.7,288018.5001202903,0.0005175713006505663,49086271.999999955,0.28307536090358354,1561352064.1799176,0.31160741397693775,0.031438311144630894
Centro 13,10,447083.5,558939.816227285,0.002578283458082484,49533355.499999955,0.285653644361666,1561911003.9961448,0.7998777095854624,0.03171330208524622
Centro 13,11,17078.0,195372.1679444711,9.848702736095754e-05,49550433.499999955,0.285752131389027,1562106376.1640892,0.08741265544462776,0.03172026838637972
Centro 13,12,126251.4,1372643.4313124204,0.0007280785271202246,49676684.899999954,0.2864802099161472,1563479019.5954015,0.09197683616879856,0.031773170140047886
Centro 13,13,29347.399999999998,841261.0760249987,0.00016924336495918523,49706032.29999995,0.2866494532811064,1564320280.6714265,0.034885008752179474,0.03177484362643786
Centro 13,14,80741.0,3004161.783744284,0.0004656248434331346,49786773.29999995,0.2871150781245395,1567324442.4551709,0.026876382103285794,0.03176545452325769
Centro 13,15,68869.59999999999,1090495.9821256008,0.00039716372991791785,49855642.899999954,0.28751224185445745,1568414938.4372964,0.06315438216082098,0.03178727878585118
Centro 13,16,213089.60000000003,1299720.9928657652,0.0012288652808019383,50068732.499999955,0.2887411071352594,1569714659.4301622,0.16395026407179672,0.031896709506539174
Centro 13,17,14973.0,407008.9840390192,8.634771405759558e-05,50083705.499999955,0.288827454849317,1570121668.4142013,0.03678788574004687,0.031897977403613394
Centro 13,18,9330.2,473591.0010226406,5.380628075203222e-05,50093035.69999996,0.28888126113006907,1570595259.4152238,0.019700965558579014,0.031894299565536056
Centro 13,19,58036.8,2203121.4181837765,0.0003346921132183172,50151072.499999955,0.28921595324328736,1572798380.8334076,0.026342987508988384,0.03188652348015865
Centro 13,20,20887.9,8211110.2422269825,0.00012045831940584057,50171960.399999954,0.2893364115626932,1581009491.0756347,0.0025438581852890666,0.031734129796947404
Centro 14,0,495387.2,3575602.659962191,0.002856845808681822,51327104.19999994,0.29599800419862476,1792182947.8045053,0.1385464905111236,0.028639433414360774
Centro 14,1,482210.8,3576998.253038736,0.0027808588976079886,51809314.99999994,0.2987788630962327,1795759946.057544,0.13480878823196285,0.028850913572130505
Centro 14,2,580653.0,5655693.517387455,0.0033485646971672376,52389967.99999994,0.30212742779339996,1801415639.5749314,0.10266698473226712,0.029082665237858192
Centro 14,3,1159718.8,14981728.178189248,0.0066879761790969,53549686.79999994,0.30881540397249685,1816397367.7531207,0.07740888008423126,0.029481262057894732
Centro 14,4,652191.4,6950918.3701673895,0.003761119115609627,54201878.199999936,0.31257652308810646,1823348286.1232882,0.0938280908029559,0.029726563275105963
Centro 14,5,789830.8,9984502.009345535,0.004554871039356306,54991708.99999993,0.3171313941274628,1833332788.1326337,0.07910567790568976,0.029995486556487375
Centro 14,6,396380.6,12775931.6795726,0.0022858851737646542,55388089.599999934,0.31941727930122743,1846108719.8122063,0.031025572924264437,0.030002615233643573
Centro 14,7,368220.2,8286085.255415021,0.0021234871127917354,55756309.79999994,0.3215407664140192,1854394805.0676212,0.044438379361275,0.03006711928205966
Centro 14,8,114831.4,2311698.7571575157,0.0006622205898639805,55871141.199999936,0.3222029870038831,1856706503.8247788,0.049674032848984896,0.030091530936583937
Centro 14,9,193214.6,3097451.2540718718,0.0011142482490184137,56064355.79999994,0.32331723525290157,1859803955.0788507,0.06237857649769385,0.0301453041041753
Centro 14,10,41325.8,1716457.3701231086,0.00023832153620526172,56105681.599999934,0.3235555567891068,1861520412.448974,0.02407621693338997,0.030139707963872702
Centro 14,11,33671.8,180514.18122700948,0.0001941817243174078,56139353.39999993,0.3237497385134242,1861700926.6302009,0.18653271322575654,0.0301548721370708
Centro 14,12,192197.4,3337921.3691162993,0.0011083821637489694,56331550.79999993,0.3248581206771732,1865038847.9993172,0.05757996631624772,0.030203955730159972
Centro 14,13,6521.6,162393.41002884365,3.760938035116646e-05,56338072.39999993,0.3248957300575243,1865201241.409346,0.04015926507634553,0.030204822487374543
Centro 14,14,313936.4,4331899.145892314,0.0018104381553109565,56652008.79999993,0.32670616821283527,1869533140.5552385,0.0724708469488925,0.030302757180958383
Centro 14,15,79778.40000000001,1037848.1266131359,0.0004600736306132695,56731787.19999993,0.32716624184344856,1870570988.6818516,0.07686905044608505,0.03032859353815677
Centro 14,16,43236.4,2937485.2912096903,0.0002493397651826505,56775023.59999993,0.32741558160863116,1873508473.9730613,0.014718848169004704,0.030304118923785706
Centro 14,17,32924.0,763800.267102113,0.0001898692404750068,56807947.59999993,0.3276054508491062,1874272274.2401633,0.04310550993247868,0.030309335724997624
Centro 14,18,12388.6,439478.6329481032,7.144375144419479e-05,56820336.19999993,0.3276768946005504,1874711752.8731115,0.02818931131394262,0.030308838739032416
Centro 14,19,57337.4,2815441.7915089377,0.0003306587470784733,56877673.59999993,0.3280075533476289,1877527194.6646204,0.020365329580928748,0.03029392797165843
Centro 14,20,18119.4,743018.2460762804,0.0001044926714816802,56895792.999999925,0.32811204601911054,1878270212.9106967,0.024386211369215573,0.03029159095901877
Centro 16,0,969673.9,4057396.573125711,0.0055920072561486366,58183078.59999994,0.33553568649859106,1984972896.4359803,0.23898918494254776,0.029311774838068412
Centro 16,2,191298.8,816973.4285606139,0.001103200032188684,58374377.39999994,0.3366388865307797,1985789869.8645408,0.23415547349812849,0.029396049544749617
Centro 16,3,1031708.1,4693443.178488663,0.005949751954164511,59406085.49999994,0.34258863848494425,1990483313.0430295,0.21981902427808245,0.0298450557765192
Centro 16,4,1516032.2999999998,8192216.969279545,0.00874279860699118,60922117.79999994,0.3513314370919354,1998675530.012309,0.18505763527565913,0.030481244646861083
Centro 16,5,1347166.2,8239066.327837632,0.007768965593111442,62269283.99999994,0.35910040268504684,2006914596.3401468,0.16350957091439847,0.03102737112658185
Centro 16,6,45767.2,427771.2978451714,0.0002639346222411533,62315051.19999994,0.359364337307288,2007342367.637992,0.10698988041167055,0.031043558988557134
Centro 16,7,233426.7,1110343.741337635,0.0013461471946175213,62548477.89999995,0.36071048450190557,2008452711.3793294,0.21022922119486173,0.031142619164303855
Centro 16,8,192330.69999999998,1702831.142655882,0.0011091508908099377,62740808.59999995,0.3618196353927155,2010155542.5219853,0.11294760542141863,0.03121191732321567
Centro 16,9,121956.0,582628.3187705847,0.0007033074077077491,62862764.59999995,0.36252294280042324,2010738170.840756,0.20932041246697677,0.0312635257596542
Centro 16,10,24178.2,82772.30370200794,0.0001394331329745113,62886942.79999995,0.3626623759333978,2010820943.144458,0.29210495441862966,0.03127426288969288
Centro 16,11,35556.200000000004,362432.3779648888,0.00020504886065415617,62922498.999999955,0.362867424794052,2011183375.522423,0.09810436970243472,0.03128630624428032
Centro 16,12,11049.9,227139.0341278772,6.372360953483106e-05,62933548.899999954,0.3629311484035868,2011410514.556551,0.04864817728237326,0.03128826683789843
Centro 16,13,29716.2,350782.11629636295,0.00017137019571751298,62963265.09999996,0.3631025185993043,2011761296.6728473,0.08471412486403347,0.03129758247369198
Centro 16,14,40830.5,133611.9879909444,0.00023546519326979605,63004095.59999996,0.3633379837925741,2011894908.6608381,0.30559009422692895,0.03131579851849065
Centro 16,15,91552.8,1158676.3139641332,0.0005279753553444358,63095648.399999954,0.3638659591479185,2013053584.9748023,0.0790149922775016,0.03134325328989677
Centro 16,16,50418.299999999996,182000.8744502485,0.00029075702609163633,63146066.69999995,0.36415671617401013,2013235585.8492525,0.2770222953724449,0.03136546320949456
Centro 16,17,28584.2,244554.07901346422,0.0001648420709386979,63174650.899999954,0.3643215582449489,2013480139.9282658,0.11688294104645158,0.031375850025643
Centro 16,18,13973.4,68827.65523731166,8.05831261345359e-05,63188624.29999995,0.3644021413710834,2013548967.583503,0.203020137062943,0.031381717215367144
Centro 16,19,29301.9,97324.27839620944,0.00016898097125120283,63217926.19999995,0.3645711223423346,2013646291.8618991,0.30107492686163334,0.03139475212478657
Centro 16,20,4083.2,45894.37251591818,2.3547384361181744e-05,63222009.399999954,0.3645946697266958,2013692186.234415,0.08896951360613477,0.031396064320150394
Centro 17,0,829102.3,3920529.3798853233,0.004781345643818529,65076253.099999964,0.3752878978573776,2129503106.532397,0.2114771296585084,0.030559360491362556
Centro 17,1,1045175.7,6996350.722109675,0.006027418184969432,66121428.79999997,0.3813153160423471,2136499457.2545066,0.1493886944085099,0.03094848846110583
Centro 17,2,415723.5,4564371.20394892,0.002397433640888455,66537152.29999997,0.38371274968323554,2141063828.4584556,0.09108012504336455,0.03107667852569629
Centro 17,3,6236.2,25643.06325752588,3.596350860922845e-05,66543388.49999997,0.3837487131918448,2141089471.521713,0.24319247421307058,0.03107921896075941
Centro 17,4,449186.5,6781628.1005352745,0.002590411237596484,66992574.99999997,0.38633912442944124,2147871099.622248,0.0662357907778142,0.031190221336737635
Centro 17,5,23456.8,125756.06614983376,0.0001352728951516869,67016031.79999997,0.38647439732459293,2147996855.688398,0.18652619088809663,0.031199315596075406
Centro 17,6,666596.8,8051542.417440072,0.0038441935402463256,67682628.59999996,0.3903185908648392,2156048398.105838,0.08279119272303848,0.03139198018906322
Centro 17,7,43706.6,656151.4132375349,0.0002520513590616247,67726335.19999996,0.3905706422239008,2156704549.5190754,0.06661054006474824,0.03140269501221309
Centro 17,8,107331.09999999999,1187409.525923384,0.0006189671496885859,67833666.29999995,0.3911896093735894,2157891959.0449986,0.09039097098074435,0.031435154116807855
Centro 17,10,224309.19999999998,1737460.4425516315,0.0012935675323641233,68057975.49999996,0.3924831769059535,2159629419.4875503,0.12910175938773022,0.03151372864523635
Centro 17,11,46123.2,340598.90977128176,0.00026598763674756513,68104098.69999996,0.3927491645427011,2159970018.3973217,0.1354179319921269,0.031530112973759045
Centro 17,12,97488.5,425292.0454098722,0.0005622059121020441,68201587.19999996,0.39331137045480313,2160395310.4427314,0.22922718882749418,0.0315690313112295
Centro 17,13,170898.0,3043489.1670474713,0.0009855507671819254,68372485.19999996,0.39429692122198506,2163438799.609779,0.05615199878164521,0.03160361421470871
Centro 17,14,4792.8,393977.7699743272,2.763957282677113e-05,68377277.99999996,0.3943245607948118,2163832777.379753,0.012165153379878042,0.03160007497566423
Centro 17,16,10743.7,130273.87885389566,6.195778638352967e-05,68388021.69999996,0.3943865185811954,2163963051.258607,0.08247010140881152,0.03160313742890574
Centro 17,17,182700.4,1786860.7560238412,0.0010536139649641577,68570722.09999996,0.39544013254615956,2165749912.014631,0.10224657930624019,0.03166142208737937
Centro 17,18,5874.299999999999,679748.1913047855,3.387646942419914e-05,68576596.39999996,0.3954740090155837,2166429660.2059355,0.008641876617169373,0.03165419937681302
Centro 17,19,14808.0,237357.62118275277,8.539617643524179e-05,68591404.39999996,0.395559405192019,2166667017.8271184,0.06238687397611988,0.03165756613066834
Centro 17,20,89334.5,2235180.9075390976,0.0005151826528737243,68680738.89999996,0.3960745878448927,2168902198.7346573,0.03996745842749526,0.03166612996200035
Centro 19,0,345009.0,1190986.291740195,0.0019896305669736855,69392002.49999999,0.40017637011647345,2375405590.611609,0.2896834349754726,0.029212696465083773
Centro 19,1,858924.9,5342037.782052014,0.004953329437130093,70250927.39999999,0.40512969955360356,2380747628.393661,0.1607860024662845,0.029507927073899775
Centro 19,2,423432.5,2595449.447483482,0.0024418906319837604,70674359.89999999,0.4075715901855873,2383343077.8411446,0.1631441908493172,0.029653456339159327
Centro 19,3,359409.89999999997,2261368.1479906146,0.0020726790405843198,71033769.8,0.40964426922617164,2385604445.9891353,0.15893471406650928,0.02977600495313778
Centro 19,4,73713.3,334786.70773296134,0.0004250968376839485,71107483.1,0.4100693660638556,2385939232.6968684,0.220179888559962,0.029802721764890037
Centro 19,5,9799.1,100243.19492290229,5.6510377667921255e-05,71117282.19999999,0.4101258764415235,2386039475.8917913,0.09775326901278988,0.029805576529038622
Centro 19,6,8358.7,152614.42896750633,4.820374256950673e-05,71125640.89999999,0.410174080184093,2386192090.320759,0.054770050620702976,0.02980717318966516
Centro 19,7,17551.899999999998,306309.39124423347,0.00010121995875025124,71143192.8,0.4102753001428433,2386498399.712003,0.0573012140721638,0.029810702076559274
Centro 19,8,29283.4,973267.6443456786,0.0001688742836996056,71172476.2,0.4104441744265429,2387471667.356349,0.030087715511889886,0.02981081500280562
Centro 19,9,42167.5,243667.93667895085,0.00024317553145820222,71214643.7,0.41068734995800116,2387715335.293028,0.17305313359943028,0.029825432976607457
Centro 19,10,5486.1,65374.57528399929,3.163776090906132e-05,71220129.8,0.41071898771891013,2387780709.868312,0.08391794479990675,0.029826913964778552
Centro 19,11,26694.0,178452.2402358253,0.00015394148661280013,71246823.8,0.410872929205523,2387959162.1085477,0.14958624203721835,0.029835863581975857
Centro 19,12,3082.3999999999996,73367.92469719214,1.777587616450495e-05,71249906.2,0.4108907050816875,2388032530.033245,0.04201290976570264,0.02983623769941195
Centro 19,13,13888.7,189233.62524933397,8.009467015506097e-05,71263794.9,0.4109707997518426,2388221763.6584945,0.07339446137915642,0.029839689087679894
Centro 19,14,19715.9,361581.6520803905,0.00011369951883978821,71283510.80000001,0.4110844992706824,2388583345.310575,0.05452682647629632,0.02984342620488773
Centro 19,15,9546.7,43770.880270258254,5.505481345045401e-05,71293057.50000001,0.4111395540841329,2388627116.1908455,0.21810619162911513,0.02984687606397577
Centro 19,16,464.2,81608.68390071345,2.6769925108886575e-06,71293521.70000002,0.41114223107664377,2388708724.8747463,0.0056881201584472775,0.02984605069575335
Centro 19,17,17143.5,132827.46995290127,9.886475896255859e-05,71310665.20000002,0.4112410958356063,2388841552.3446994,0.1290659229305417,0.029851567647928373
Centro 19,18,12643.2,303217.95420184016,7.29120028299601e-05,71323308.40000002,0.4113140078384363,2389144770.298901,0.04169673934144389,0.029853070976137167
Centro 19,19,14654.900000000001,238006.57909279683,8.451326485959111e-05,71337963.30000003,0.41139852110329594,2389382776.877994,0.06157350799234073,0.029856230651001577
Centro 19,20,19749.7,1057273.7976509945,0.00011389443988000371,71357713.00000003,0.41151241554317597,2390440050.675645,0.01867983491492841,0.029851287414562503
Centro 2,0,980891.2,6167829.226882779,0.005656696243853055,72609321.70000008,0.4187303110978145,2544986412.920227,0.15903345632929308,0.02853033765971466
Centro 2,2,1200194.5999999999,7225480.600383768,0.006921395854823369,73809516.30000007,0.4256517069526378,2552211893.520611,0.16610585044491763,0.02891982303169375
Centro 2,3,966084.8999999999,5977199.921819458,0.0055713098711387705,74775601.20000008,0.4312230168237767,2558189093.4424305,0.16162833979726146,0.02922989601967937
Centro 2,4,1237587.3,8464716.543274606,0.007137035617559058,76013188.50000007,0.4383600524413357,2566653809.985705,0.14620540376904753,0.029615676334793055
Centro 2,5,279720.7,3259965.7995055723,0.0016131198169765898,76292909.20000008,0.4399731722583123,2569913775.7852106,0.0858047958792771,0.02968695289268589
Centro 2,6,602591.5,3512374.709197502,0.0034750817161248652,76895500.70000008,0.44344825397443716,2573426150.494408,0.17156241856031315,0.029880593497982007
Centro 2,7,19379.5,539282.1163406118,0.00011175953546912265,76914880.20000008,0.44356001350990626,2573965432.610749,0.03593573644070159,0.029881862135959628
Centro 2,9,26581.6,750208.1308843481,0.00015329328765066336,76941461.80000007,0.44371330679755694,2574715640.741633,0.03543230059192442,0.029883479395743096
Centro 2,10,35792.9,378572.5896057636,0.00020641388462513277,76977254.70000008,0.4439197206821821,2575094213.3312387,0.09454699305428813,0.029892985779506453
Centro 2,11,4100.0,172642.0696140566,2.3644268191821405e-05,76981354.70000008,0.4439433649503739,2575266855.4008527,0.023748556821437547,0.02989257386610428
Centro 2,12,850011.1,7585687.136172503,0.0049019244913232,77831365.80000007,0.44884528944169705,2582852542.537025,0.11205459502102384,0.030133878925797934
Centro 2,13,946.1,19440.255919965763,5.456059057629812e-06,77832311.90000007,0.44885074550075466,2582871982.792945,0.04866705479058664,0.030134018417683022
Centro 2,14,60092.3,118060.7651295115,0.00034654596523497303,77892404.20000006,0.44919729146598963,2582990043.5580745,0.5089946684157038,0.030155905708681364
Centro 2,15,39064.3,658402.14441132,0.0002252797038843339,77931468.50000006,0.44942257116987394,2583648445.7024856,0.05933197564981741,0.03016334077092704
Centro 2,16,406800.1,1655223.3644177243,0.0023459733328926257,78338268.60000005,0.45176854450276654,2585303669.066903,0.24576749503720569,0.030301379887134952
Centro 2,18,4373.5,169829.32365579324,2.522151388705632e-05,78342642.10000005,0.4517937660166536,2585473498.3905587,0.025752325369110724,0.0303010810780957
Centro 2,19,235298.8,8017224.576467983,0.0013569433981496942,78577940.90000005,0.4531507094148033,2593490722.9670267,0.029349159145503408,0.030298138414046327
Centro 2,20,62024.5,2897792.2773695053,0.00035768875913746995,78639965.40000005,0.45350839817394073,2596388515.244396,0.02140405317675263,0.030288211852068574
Centro 20,0,418309.7,2298795.774884357,0.0024123479839122815,79825752.30000006,0.4603467063402697,2757291270.7060475,0.18196905726479484,0.02895078700900519
Centro 20,2,528599.0,4161987.521677193,0.003048374761446001,80354351.30000006,0.4633950811017157,2761453258.2277246,0.12700638751242238,0.029098573752999443
Centro 20,3,599493.0,5796441.253145449,0.0034572129929559972,80953844.30000006,0.46685229409467166,2767249699.48087,0.10342432085802372,0.029254260761212417
Centro 20,4,503715.19999999995,4305063.183434568,0.0029048725075846234,81457559.50000006,0.4697571666022563,2771554762.6643043,0.11700529784051561,0.029390564674137868
Centro 20,5,489376.1,8004155.621404632,0.002822180428065271,81946935.60000005,0.47257934703032156,2779558918.285709,0.06114025303197696,0.029481992650308982
Centro 20,6,347880.60000000003,2774258.0745794117,0.0020061907817394502,82294816.20000005,0.474585537812061,2782333176.360288,0.1253959042915429,0.029577628193203694
Centro 20,7,9793.9,138340.52155872816,5.6480389815580404e-05,82304610.10000005,0.47464201820187657,2782471516.881847,0.07079559835143678,0.02957967749198526
Centro 20,8,26418.8,368870.7855440448,0.00015235443719660764,82331028.90000005,0.47479437263907315,2782840387.667391,0.07162074372746843,0.029585250115264743
Centro 20,9,111275.0,2363887.365539022,0.0006417112056207138,82442303.90000005,0.4754360838446939,2785204275.03293,0.04707288579911957,0.02960009240220821
Centro 20,10,22826.8,465039.3520913104,0.00013163975150269971,82465130.70000005,0.4755677235961966,2785669314.385021,0.0490857384377182,0.029603345333976037
Centro 20,11,10904.2,279282.6401090991,6.288337297981926e-05,82476034.90000005,0.4756306069691764,2785948597.0251303,0.039043601119426466,0.029604291690115518
Centro 20,12,13985.0,262157.02019956976,8.065002211283471e-05,82490019.90000005,0.47571125699128924,2786210754.04533,0.053345891669632856,0.029606525558137295
Centro 20,13,12225.8,202423.1138111922,7.050490099013905e-05,82502245.70000005,0.47578176189227933,2786413177.159141,0.06039725291155966,0.029608762396147712
Centro 20,14,3287.5,60351.00462839768,1.8958666263564112e-05,82505533.20000005,0.47580072055854294,2786473528.1637692,0.05447299544129036,0.029609300919635706
Centro 20,18,41712.100000000006,766126.4371948106,0.00024054928762050579,82547245.30000004,0.4760412698461634,2787239654.600964,0.0544454517882581,0.029616127613474968
Centro 21,0,718813.8,3655539.8315054113,0.0041453234798005546,83489386.90000002,0.4814745012278881,2898068218.5964947,0.19663683973701382,0.028808634097796736
Centro 21,2,1461867.0,8586520.330697635,0.008430433026530093,84951253.90000002,0.48990493425441817,2906654738.927192,0.17025138748855984,0.029226468751962748
Centro 21,3,2097764.4,9512088.70765011,0.012097586360208612,87049018.30000003,0.5020025206146268,2916166827.6348424,0.22053667332947285,0.029850493282855543
Centro 21,4,2182268.7,12862787.45590131,0.0125849137583945,89231287.00000003,0.5145874343730213,2929029615.0907435,0.1696575262151905,0.030464453667613592
Centro 21,5,922712.1,4925048.625633653,0.005321183501521641,90153999.10000002,0.5199086178745429,2933954663.7163773,0.18735086090267475,0.030727809197230026
Centro 21,6,1016328.1,8086205.386445352,0.005861057113971777,91170327.20000002,0.5257696749885147,2942040869.102823,0.12568665417571984,0.03098880377817541
Centro 21,8,1438746.6,14167831.845176378,0.008297100114749071,92609073.80000001,0.5340667751032637,2956208700.947999,0.10155023123667578,0.03132697423233416
Centro 21,9,444946.6,3601241.5360747986,0.0025659601808388005,93054020.4,0.5366327352841025,2959809942.4840736,0.12355366768455442,0.031439187720919255
Centro 21,11,627936.0,7698445.684296252,0.0036212407783657477,93681956.4,0.5402539760624683,2967508388.16837,0.08156659483626691,0.03156923052804685
Centro 21,12,670854.9,6282303.668808105,0.0038687495544872026,94352811.30000001,0.5441227256169555,2973790691.8371778,0.10678485717441868,0.031728127860172234
Centro 21,13,380626.8,3132817.1076664478,0.0021950346683401872,94733438.10000001,0.5463177602852957,2976923508.9448442,0.12149665522080821,0.03182259732752683
Centro 21,14,268452.0,4359930.51179057,0.0015481344108855706,95001890.10000001,0.5478658946961812,2981283439.456635,0.06157254095541767,0.03186610465904407
Centro 21,16,144554.0,1636214.6683775384,0.0008336276937074515,95146444.10000001,0.5486995223898886,2982919654.1250124,0.08834659827572562,0.03189708578587564
Centro 21,17,49401.0,912131.4575465755,0.0002848903641327242,95195845.10000001,0.5489844127540214,2983831785.582559,0.054159956430926484,0.03190389135204353
Centro 21,18,40432.2,371445.3773743181,0.00023316823911838082,95236277.30000001,0.5492175809931398,2984203230.9599333,0.10885099792009284,0.03191346899968512
Centro 21,19,269630.7,5434541.906529993,0.0015549318496459854,95505908.00000001,0.5507725128427858,2989637772.866463,0.04961424617519636,0.031945645344328456
Centro 21,20,22136.3,172766.41533538993,0.00012765771072551613,95528044.30000001,0.5509001705535113,2989810539.2817984,0.12812849046515778,0.031951203276896406
Centro 24,0,476086.2,1480990.9018283966,0.0027455389744451522,97133512.2000001,0.560158734846429,3268315272.655853,0.32146463520622254,0.02971974980891878
Centro 24,3,189798.3,592952.3213151032,0.0010945468067199455,97323310.5000001,0.5612532816531489,3268908224.977168,0.3200903229100245,0.029772420576499932
Centro 24,4,690886.6,2799002.450564448,0.003984270258667229,98014197.1000001,0.5652375519118161,3271707227.4277325,0.24683315295443045,0.029958119809228894
Centro 24,5,682938.6,2561714.636807677,0.003938434979743181,98697135.70000009,0.5691759868915592,3274268942.06454,0.26659433107313435,0.030143258677391396
Centro 24,6,1610161.2999999998,7759723.416888252,0.009285630636412634,100307297.00000009,0.5784616175279719,3282028665.481428,0.20750240871931683,0.030562590161072344
Centro 24,7,617216.6,3869033.475897062,0.0035594231275229643,100924513.60000008,0.5820210406554948,3285897698.957325,0.15952733514586456,0.0307144417892332
Centro 24,8,410525.2,1292331.3832363505,0.002367455592268566,101335038.80000009,0.5843884962477633,3287190030.3405614,0.317662486050546,0.030827253023002602
Centro 24,9,90440.2,532208.1189085062,0.0005215591083224308,101425479.00000009,0.5849100553560859,3287722238.45947,0.16993389763666475,0.030849771253037814
Centro 24,11,344025.0,1569017.9491343275,0.0019839559426076485,101769504.00000009,0.5868940112986935,3289291256.408604,0.21926135401434288,0.030939645068438423
Centro 24,12,284722.4,1076368.494235956,0.0016419640941022077,102054226.4000001,0.5885359753927958,3290367624.90284,0.26452130615557073,0.031016055965179153
Centro 24,13,156451.4,4440217.738859415,0.0009022387464843724,102210677.8000001,0.5894382141392801,3294807842.6417,0.03523507386378502,0.031021741686170678
Centro 24,14,524514.1,3375384.0134953056,0.003024817573363861,102735191.9000001,0.5924630317126439,3298183226.655195,0.15539390419072668,0.031149025035879376
Centro 24,16,43013.7,1698914.1264879918,0.0002480554777372069,102778205.6000001,0.5927110871903812,3299882140.7816834,0.025318348543559552,0.03114602316543759
Centro 24,17,34973.6,1505743.3412625163,0.00020168906781304512,102813179.20000009,0.5929127762581942,3301387884.122946,0.023226800372682228,0.03114241125511178
Centro 24,18,4896.0,287518.9497204535,2.8234716357843315e-05,102818075.20000009,0.5929410109745521,3301675403.072666,0.017028442837455558,0.031141182172031094
Centro 24,19,3353.2000000000003,1010400.2291927091,1.933755124410135e-05,102821428.4000001,0.5929603485257962,3302685803.301859,0.003318684916252587,0.031132670354898553
Centro 24,20,268879.9,3987282.2542084726,0.0015506020651195416,103090308.3000001,0.5945109505909157,3306673085.5560675,0.06743437832027173,0.031176444006609107
Centro 25,0,382017.0,3858695.6518400665,0.002203051805325619,104451137.7000001,0.6023587104194317,3547835854.488911,0.09900158874095978,0.02944080334715682
Centro 25,2,1330914.0,16828266.953298703,0.007675240867377998,105782051.7000001,0.6100339512868097,3564664121.4422097,0.07908800137848492,0.02967518063306404
Centro 25,3,2614018.0,38851101.318242565,0.015074766500060635,108396069.7000001,0.6251087177868704,3603515222.7604523,0.06728298326957814,0.030080647090194312
Centro 25,4,2124361.0,59593998.5786871,0.012250966151279491,110520430.7000001,0.6373596839381499,3663109221.3391395,0.03564723043705521,0.03017120812455509
Centro 25,5,278301.0,16319820.734552125,0.0016049325565980705,110798731.7000001,0.6389646164947479,3679429042.0736914,0.017052944669348268,0.030113023089461455
Centro 25,6,122667.0,8989639.286631823,0.0007074076698258918,110921398.7000001,0.6396720241645738,3688418681.360323,0.01364537509112449,0.030072887131970406
Centro 25,7,498411.0,11175208.558196846,0.0028742837448180237,111419809.7000001,0.6425463079093918,3699593889.91852,0.04459970455177081,0.03011676768188576
Centro 25,10,153345.0,7467913.335676943,0.0008843244648475252,111573154.7000001,0.6434306323742394,3707061803.254197,0.020533848359944814,0.03009746279440419
Centro 25,12,9462.0,683911.9068155504,5.456635747097906e-05,111582616.7000001,0.6434851987317103,3707745715.1610126,0.013835115174492613,0.030094463124517298
Centro 25,13,11184.0,3350477.83825843,6.449695011154405e-05,111593800.7000001,0.6435496956818219,3711096192.999271,0.0033380313316184822,0.03007030669550258
Centro 25,14,21063.0,2996795.359071264,0.00012146810266447177,111614863.7000001,0.6436711637844863,3714092988.358342,0.007028507948079454,0.03005171492740001
Centro 25,15,112458.0,3156035.1495406968,0.0006485334420282564,111727321.7000001,0.6443196972265146,3717249023.507883,0.035632682993523124,0.030056453305505368
Centro 25,18,169050.0,1627572.0190041522,0.000974893545811563,111896371.7000001,0.6452945907723262,3718876595.5268874,0.10386637151911415,0.030088756328884508
Centro 25,20,72477.0,4053249.1385161644,0.0004179672257899122,111968848.7000001,0.6457125579981161,3722929844.6654034,0.017881210239776374,0.030075465660584656
Centro 26,0,789673.0,4413727.016683207,0.004553961023375654,112784486.9000001,0.650416257595261,3766419718.145624,0.17891296788749234,0.029944747356922003
Centro 26,1,1751738.3,12849912.067512648,0.010102090284654952,114536225.20000009,0.6605183478799159,3779269630.2131367,0.13632297955009146,0.030306444473912987
Centro 26,2,1802196.1,10879500.146551907,0.010393075103086485,116338421.30000009,0.6709114229830024,3790149130.3596888,0.16565063428683155,0.030694945580930073
Centro 26,3,2586455.9,13115908.510935968,0.014915818772175318,118924877.20000009,0.6858272417551777,3803265038.8706245,0.19719990405875645,0.031269153210346526
Centro 26,4,623872.8,5808903.684524876,0.003597808731898185,119548750.00000009,0.6894250504870759,3809073942.5551496,0.10739940509979863,0.03138525316203394
Centro 26,5,750864.2,4887657.167844462,0.004330154761082299,120299614.20000009,0.6937552052481583,3813961599.722994,0.15362456371528682,0.03154190493389797
Centro 26,6,320135.9,1497463.7504261849,0.0018461900188853947,120619750.1000001,0.6956013952670437,3815459063.47342,0.21378540876791705,0.03161343054489317
Centro 26,7,710334.7999999999,5008448.2673372645,0.004096425979800931,121330084.9000001,0.6996978212468445,3820467511.7407575,0.14182732097533446,0.03175791562868631
Centro 26,8,499970.1,4264541.260604126,0.002883274910315065,121830055.00000009,0.7025810961571596,3824732053.0013614,0.11723889380992245,0.03185322613760539
Centro 26,9,71108.7,730254.8391632694,0.00041007638379799284,121901163.70000009,0.7029911725409577,3825462307.8405247,0.09737518491692132,0.031865733835661124
Centro 26,10,582215.1,3713158.46707937,0.0033575731633483214,122483378.80000009,0.706348745704306,3829175466.307604,0.15679780573920626,0.03198688069473826
Centro 26,11,194082.6,2453316.0533021954,0.0011192539136014627,122677461.40000008,0.7074679996179073,3831628782.360906,0.07911031264755403,0.03201705289529922
Centro 26,12,659393.7,6279521.324464386,0.0038026540211701034,123336855.10000008,0.7112706536390775,3837908303.6853704,0.10500700068189403,0.032136477826102634
Centro 26,13,196825.5,976168.3434307708,0.0011350719290217912,123533680.60000008,0.7124057255680992,3838884472.0288014,0.20163069343987464,0.03217957755699642
Centro 26,14,492376.30000000005,2597994.475138118,0.0028394822654870034,124026056.90000008,0.7152452078335862,3841482466.5039396,0.18952168863785734,0.03228598802192994
Centro 26,15,440823.5,1796253.3424441551,0.0025421826973798496,124466880.40000008,0.7177873905309661,3843278719.8463836,0.2454127653286218,0.032385598202197274
Centro 26,16,82580.3,1223298.5074669833,0.00047623189281977295,124549460.70000008,0.7182636224237858,3844502018.3538504,0.0675062541938308,0.03239677339363968
Centro 26,17,61297.8,873718.3709303362,0.0003534979567728366,124610758.50000007,0.7186171203805587,3845375736.7247806,0.07015738942827772,0.03240535308680517
Centro 26,18,123383.70000000001,1914905.5551837096,0.0007115408032437159,124734142.20000008,0.7193286611838023,3847290642.2799644,0.06443330829867638,0.03242129430753916
Centro 26,19,174427.4,1523633.6239385447,0.001005904445268807,124908569.60000008,0.7203345656290713,3848814275.903903,0.11448119630565168,0.032453779435918616
Centro 26,20,269174.3,6075283.111692369,0.001552299838913608,125177743.90000008,0.7218868654679849,3854889559.0155954,0.04430646194610297,0.03247245919334875
Centro 28,0,774277.8999999999,5045951.43770723,0.004465179103073237,127496361.00000006,0.7352580860890928,4057112303.7224936,0.15344537290113414,0.03142539605892083
Centro 28,1,4037070.2,27140236.340364832,0.023281358662929286,131533431.20000006,0.7585394447520221,4084252540.0628586,0.14874852780835188,0.03220501913380109
Centro 28,2,353983.8,6243452.984830583,0.0020413872933561145,131887415.00000006,0.7605808320453782,4090495993.047689,0.056696799168674344,0.03224240170975825
Centro 28,3,1725864.2,26200871.30056495,0.009952877074991047,133613279.20000006,0.7705337091203692,4116696864.3482537,0.06587048881701833,0.03245642892901064
Centro 28,4,709447.5,9009608.597619075,0.0040913090141505406,134322726.70000005,0.7746250181345197,4125706472.945873,0.07874343178320556,0.03255750926073269
Centro 28,5,1143796.8,20737237.432805955,0.0065961556819871,135466523.50000006,0.7812211738165069,4146443710.378679,0.05515666219795184,0.03267053237957219
Centro 28,6,505202.4,12382663.417610087,0.0029134490333541057,135971725.90000007,0.784134622849861,4158826373.796289,0.04079917082148281,0.0326947349273159
Centro 28,7,88569.79999999999,5764859.089666697,0.0005107727085112153,136060295.70000008,0.7846453955583723,4164591232.885956,0.015363740660852955,0.032670744399976505
Centro 28,8,1059.2,812184.6506756785,6.108294846043227e-06,136061354.90000007,0.7846515038532182,4165403417.5366316,0.0013041369337857133,0.032664628431227694
Centro 28,9,219249.1,23919404.746410783,0.0012643864685891392,136280604.00000006,0.7859158903218074,4189322822.2830424,0.009166160375830396,0.03253046131349019
Centro 28,10,102703.29999999999,9221191.08266085,0.0005922791144841685,136383307.30000007,0.7865081694362916,4198544013.365703,0.01113774772470761,0.03248347685908152
Centro 28,11,178281.5,7719687.414770399,0.0010281306340585872,136561588.80000007,0.7875363000703502,4206263700.7804737,0.02309439364848978,0.032466245227245505
Centro 28,12,102769.0,8989399.592478473,0.0005926579994647058,136664357.80000007,0.7881289580698149,4215253100.372952,0.011432242937113167,0.03242138835931547
Centro 28,13,138246.4,4179399.919236512,0.0007972524288180045,136802604.20000008,0.788926210498633,4219432500.2921886,0.03307805011999299,0.032422038790886384
Centro 28,14,419766.89999999997,11023542.289372936,0.0024207515028413355,137222371.10000008,0.7913469620014744,4230456042.5815616,0.03807913000929559,0.03243677979839321
Centro 28,15,32344.9,529857.2964229633,0.00018652963176527906,137254716.0000001,0.7915334916332396,4230985899.8779845,0.06104454957657203,0.03244036242332037
Centro 28,16,67436.0,419428.7888633143,0.00038889630970333374,137322152.0000001,0.791922387942943,4231405328.6668477,0.16078057060116682,0.03245308386546485
Centro 28,17,57124.8,1238488.1880799418,0.0003294327052693072,137379276.8000001,0.7922518206482123,4232643816.8549275,0.04612462238219806,0.03245708421127672
Centro 28,18,260492.8,5342516.696633187,0.0015022345427410963,137639769.6000001,0.7937540551909535,4237986333.551561,0.04875844378065501,0.032477634132589056
Centro 28,19,2945.5,252353.87213048557,1.698638828268535e-05,137642715.1000001,0.7937710415792362,4238238687.4236913,0.01167210146265146,0.03247639532630224
Centro 28,20,44661.1,602225.0661235156,0.00025755586003457434,137687376.2000001,0.7940285974392708,4238840912.4898148,0.07416014794515388,0.03248231746426292
Centro 3,0,482960.5,2477736.794960124,0.002785182338550283,139753032.80000025,0.8059410214984437,4484402407.922921,0.19492001772842568,0.031164248898156055
Centro 3,5,172721.8,1528347.926544346,0.0009960684297010093,139925754.60000026,0.8069370899281448,4485930755.849465,0.11301209430141387,0.031192134300678395
Centro 3,6,316479.2,1288157.9867865476,0.0018251022151056305,140242233.80000025,0.8087621921432504,4487218913.836252,0.2456835289198434,0.03125370892148053
Centro 3,7,932768.4,6404978.209380919,0.005379177124501499,141175002.20000026,0.8141413692677519,4493623892.045633,0.14563178351392983,0.03141673749107052
Centro 3,9,576439.6,2424582.344308131,0.0033242664631185984,141751441.80000025,0.8174656357308705,4496048474.389941,0.23774799868242483,0.03152800567152119
Centro 3,13,1906.1,104425.00113860967,1.099227795132458e-05,141753347.90000024,0.8174766280088218,4496152899.39108,0.0182532916372193,0.031527697360825536
Centro 3,14,10704.9,170127.89853186026,6.17340308699095e-05,141764052.80000025,0.8175383620396918,4496323027.289612,0.06292266049471755,0.03152888525570543
Centro 3,16,442962.2,4008805.510800907,0.002554516355033959,142207015.00000024,0.8200928783947256,4500331832.800413,0.1104973036997003,0.031599228742096856
Centro 3,20,1167.4,238717.57091276644,6.732272850520075e-06,142208182.40000024,0.8200996106675762,4500570550.3713255,0.004890297750334424,0.031597812057021786
Centro 4,0,371457.4,1154939.9109086024,0.002142155704252849,143261870.70000032,0.8261761201202069,4635152757.691675,0.3216248711223174,0.03090769132953998
Centro 4,5,902868.0,5749725.675366786,0.005206744666783758,144164738.70000032,0.8313828647869906,4640902483.367042,0.15702801333081065,0.031063944828982212
Centro 4,6,178480.2,926840.0961905457,0.0010292765160316885,144343218.9000003,0.8324121413030223,4641829323.463232,0.19256849237919343,0.031096192651975187
Centro 4,7,730800.7,6084374.652327837,0.004214450669651418,145074019.6000003,0.8366265919726736,4647913698.11556,0.12011106181970581,0.031212718011270044
Centro 4,9,1721357.9,11238143.202066338,0.009926889717490364,146795377.5000003,0.846553481690164,4659151841.317626,0.15317102381143327,0.0315068884851982
Centro 4,11,426105.0,2436301.2193394164,0.0024573026580185513,147221482.5000003,0.8490107843481826,4661588142.536965,0.17489832399112576,0.03158182962510246
Centro 4,13,34431.2,275305.1436575993,0.00019856110413810757,147255913.7000003,0.8492093454523206,4661863447.680623,0.12506558919517516,0.0315873502844154
Centro 4,14,670884.1,3233634.629527482,0.0038689179478118853,147926797.80000028,0.8530782634001325,4665097082.31015,0.20747059481424268,0.031709264606932276
Centro 4,16,49341.399999999994,342071.8662383684,0.0002845466572097406,147976139.2000003,0.8533628100573423,4665439154.176389,0.14424278892791806,0.03171751560997974
Centro 4,17,2588.5,48322.97954712826,1.492760688159261e-05,147978727.7000003,0.8533777376642239,4665487477.155936,0.053566647260968187,0.03171774191326467
Centro 4,20,53099.1,5194481.829715208,0.000306216917352279,148031826.80000028,0.8536839545815761,4670681958.985651,0.010222213060067861,0.03169383573959912
Centro 5,0,1388827.9,6536625.487253082,0.008009224229240029,150601817.00000027,0.8685048173960035,5135769042.833117,0.21246863579813777,0.02932410233870674
Centro 5,2,533658.6,2454346.728114855,0.003077552941773644,151135475.60000026,0.8715823703377771,5138223389.561232,0.21743407069868026,0.02941395578616643
Centro 5,3,1411627.6,12812904.853047384,0.008140707697896876,152547103.20000026,0.879723078035674,5151036294.414279,0.11017233142602029,0.02961483757461008
Centro 5,4,410627.5,2813908.307590945,0.002368045545594425,152957730.70000026,0.8820911235812684,5153850202.721869,0.14592781822075365,0.02967834234282162
Centro 5,5,814979.2999999999,5954028.110192395,0.004699899790239725,153772710.00000027,0.8867910233715082,5159804230.832062,0.13687864499747301,0.029802043473111214
Centro 5,6,5801.7,346598.75170424505,3.3457792870363475e-05,153778511.70000026,0.8868244811643785,5160150829.583766,0.01673895238073629,0.029801166047001868
Centro 5,9,128670.8,314840.4691957788,0.0007420309521112716,153907182.50000027,0.8875665121164898,5160465670.052961,0.4086857078083822,0.02982428182657026
Centro 5,10,66299.90000000001,916947.7875209398,0.00038234454065632685,153973482.40000027,0.8879488566571462,5161382617.840483,0.07230498933777726,0.029831828756075176
Centro 5,11,38756.1,76754.3920644577,0.0002235023469436706,154012238.50000027,0.8881723590040899,5161459372.232547,0.5049365770163738,0.029838893885041576
Centro 5,13,16833.699999999997,227167.53129179974,9.707817499040583e-05,154029072.20000026,0.8882694371790801,5161686539.763839,0.07410257929147843,0.0298408419444718
Centro 5,14,77234.8,251575.5968553523,0.0004454049573028507,154106307.00000027,0.8887148421363831,5161938115.360694,0.3070043397110868,0.029854349966230074
Centro 5,15,6783.5,11770.783969724294,3.911973006810256e-05,154113090.50000027,0.8887539618664512,5161949886.144664,0.5762997619740436,0.02985559602460682
Centro 5,17,231987.9,596847.7765451819,0.0013378497865505963,154345078.40000027,0.8900918116530018,5162546733.921209,0.38868855530106566,0.029897081102599057
Centro 5,18,19123.4,46457.55678735237,0.00011028263374133597,154364201.80000028,0.8902020942867431,5162593191.477997,0.4116316337411477,0.02990051628604256
Centro 5,20,13103.800000000001,49634.83451223854,7.556823451999741e-05,154377305.6000003,0.8902776625212633,5162642826.31251,0.264004103746311,0.02990276701172962
Centro 6,0,433669.4,2513395.7109065354,0.0025009257561429935,155243609.10000035,0.8952735435674865,5390829008.875168,0.1725432243391485,0.028797724588261974
Centro 6,1,281584.4,1636899.4581098964,0.0016238675785934429,155525193.50000036,0.8968974111460799,5392465908.333278,0.17202302719627102,0.02884120106529716
Centro 6,2,685393.3,5449155.450314859,0.003952590976116465,156210586.80000037,0.9008500021221965,5397915063.783592,0.12577972976718754,0.02893905979515483
Centro 6,3,401368.8,2892573.509267427,0.00231465159781208,156611955.60000038,0.9031646537200085,5400807637.29286,0.1387583750988754,0.02899787700613268
Centro 6,4,241007.0,1857608.061574276,0.0013898619863673906,156852962.60000038,0.9045545157063759,5402665245.354434,0.12974050069300014,0.029032515522754782
Centro 6,6,569401.0,4416611.613873135,0.00328367559821739,157422363.60000038,0.9078381913045933,5407081856.9683075,0.1289225881242171,0.029114107713594965
Centro 6,8,18982.0,205799.80424418912,0.00010946719483345217,157441345.60000038,0.9079476584994268,5407287656.772552,0.09223526751987166,0.029116510086680394
Centro 6,9,79759.9,344168.3295300855,0.0004599669430616722,157521105.5000004,0.9084076254424885,5407631825.102081,0.23174677376300476,0.029129406474899356
Centro 6,10,9570.5,269365.4093183353,5.5192065543860185e-05,157530676.0000004,0.9084628175080324,5407901190.511399,0.0355298032669429,0.02912972527612019
Centro 6,11,231377.7,7890355.418728644,0.0013343308274162916,157762053.70000038,0.9097971483354486,5415791545.930128,0.029324116306700086,0.029130008487596937
Centro 6,12,128669.3,849313.1954331734,0.0007420223017692503,157890723.0000004,0.9105391706372179,5416640859.125562,0.15149805830389232,0.029149195434287952
Centro 6,14,376510.8,3148622.9137368146,0.0021712981298334707,158267233.8000004,0.9127104687670514,5419789482.039298,0.11957951470065163,0.029201730865097985
Centro 6,16,472720.8,4399524.188262422,0.0027261310670859433,158739954.6000004,0.9154365998341375,5424189006.22756,0.10744816479499789,0.02926519603534273
Centro 7,0,2543391.2,14781722.1433083,0.014667469182809385,161520522.0000004,0.9314718391831703,5494090392.084741,0.17206325320838178,0.029398956055164426
Centro 7,4,192389.92,2399351.236296552,0.0011094924063129426,161712911.92000037,0.9325813315894832,5496489743.321037,0.08018414190035712,0.02942112502192931
Centro 7,7,9591.04,749920.8812389832,5.531051756060653e-05,161722502.96000037,0.9326366421070438,5497239664.202276,0.012789402508907534,0.029418856160325055
Centro 7,8,48552.8,897079.8534023769,0.00027999888406435763,161771055.76000038,0.9329166409911083,5498136744.055678,0.054123163970133316,0.02942288693254119
Centro 7,9,278308.16,6954707.174895767,0.0016049738475639858,162049363.92000037,0.9345216148386722,5505091451.230575,0.04001723624031246,0.029436271014857865
Centro 7,10,134072.16,2941712.1169979507,0.0007731800263650708,162183436.08000037,0.9352947948650372,5508033163.347572,0.045576234066310374,0.029444890992891458
Centro 7,11,74707.04,2337513.6167507656,0.00043082763160417787,162258143.12000036,0.9357256224966414,5510370676.964323,0.03196004483766202,0.029445957927713998
Centro 7,12,856482.4,19746648.432285845,0.004939243796871917,163114625.52000037,0.9406648662935133,5530117325.396609,0.04337355794513706,0.02949568986012464
Centro 7,13,190796.32,2743977.1023624735,0.0011003022829494094,163305421.84000036,0.9417651685764626,5532861302.498972,0.06953276681344414,0.02951554591947603
Centro 7,19,107224.0,1227965.7602714568,0.0006183495152682581,163412645.84000036,0.9423835180917309,5534089268.259243,0.08731839556853509,0.029528371863687352
Centro 8,0,1483972.6,9185605.751740502,0.008557913693588905,165032812.74000037,0.9517268499695631,5604749232.52061,0.1615541359064768,0.02944517335091914
Centro 8,6,650559.6000000001,3820504.9451894583,0.0037517086968692826,165683372.34000036,0.9554785586664324,5608569737.465799,0.1702810516759425,0.029541109426387102
Centro 8,7,3236332.0,23665487.327476405,0.018663585796530182,168919704.34000036,0.9741421444629625,5632235224.793276,0.1367532371176871,0.029991592608989506
Centro 8,8,883763.8,9358676.657201843,0.005096572757420296,169803468.14000037,0.9792387172203829,5641593901.450478,0.09443256053941254,0.03009849186350389
Centro 8,9,40712.4,523510.31077480025,0.000234784123007978,169844180.54000038,0.979473501343391,5642117411.761252,0.07776809579881103,0.030102914942172668
Centro 8,10,428281.2,3563913.9410883333,0.0024698525742231957,170272461.74000037,0.9819433539176141,5645681325.702341,0.1201715886184427,0.03015977203049411
Centro 8,11,260659.2,2985676.6141239135,0.0015031941540160035,170533120.94000036,0.98344654807163,5648667002.316465,0.08730322593107934,0.030189975948319545
Centro 8,12,407975.4,5268443.448174124,0.0023527511642111257,170941096.34000036,0.9857992992358412,5653935445.76464,0.07743755893239994,0.030234002135283
Centro 8,13,895042.8,6089706.388535916,0.005161617562526529,171836139.14000037,0.9909609167983677,5660025152.153175,0.14697634711666055,0.03035960698418996
Centro 8,14,17880.9,406050.3064685061,0.0001031172671002779,171854020.04000038,0.9910640340654681,5660431202.459644,0.04403616920157865,0.03036058807062687
Centro 8,15,590595.0,4519502.429868203,0.003405899164085064,172444615.04000038,0.9944699332295531,5664950704.889512,0.130676995789827,0.030440620584952414
Centro 8,16,10588.1,544249.9899677923,6.106045757117664e-05,172455203.14000037,0.9945309936871243,5665494954.879479,0.01945447899893684,0.03043956521247471
Centro 8,17,98564.4,2692332.489742932,0.0005684105140892589,172553767.54000038,0.9950994042012136,5668187287.369223,0.03660929709666397,0.030442495773651088
Centro 8,20,12720.6,127593.28299488536,7.335836047826423e-05,172566488.14000037,0.9951727625616918,5668314880.652218,0.09969647070300645,0.030444054674701525
